uuid,event,distinct_id,session_id,timestamp,properties,elements_chain
224a722091fb5754adab0a5a644ee161,$pageview,synthetic-user-cn-01,synthetic-session-cn-01,2026-08-05T01:00:00+00:00,"{""$current_url"":""https://www.just-eat.co.uk/"",""$pathname"":""/""}",
674b15f49b71503a8ac27b2fff858525,location_input_focused,synthetic-user-cn-01,synthetic-session-cn-01,2026-08-05T01:00:22+00:00,"{""visit_number"":1}",
309aa2bfb66c5c30a04e6b13019c9096,postcode_submitted,synthetic-user-cn-01,synthetic-session-cn-01,2026-08-05T01:00:45+00:00,"{""format"":""incomplete""}",
b1e0c20d101257dab1c265a915cdce33,validation_error_shown,synthetic-user-cn-01,synthetic-session-cn-01,2026-08-05T01:00:48+00:00,"{""error_type"":""invalid_postcode""}",
5d95e390617659a4ba49c3b875e30dd4,postcode_submitted,synthetic-user-cn-01,synthetic-session-cn-01,2026-08-05T01:01:12+00:00,"{""format"":""with_extra_text""}",
6f67d2a186905e0f910101361bf2014c,validation_error_shown,synthetic-user-cn-01,synthetic-session-cn-01,2026-08-05T01:01:15+00:00,"{""error_type"":""invalid_postcode""}",
471821f661ed57f098677c0213b05b1a,help_opened,synthetic-user-cn-01,synthetic-session-cn-01,2026-08-05T01:01:36+00:00,"{""topic"":""find_location""}",
e7cb3144f8b356bd918752c812acf2bb,postcode_submitted,synthetic-user-cn-01,synthetic-session-cn-01,2026-08-05T01:02:10+00:00,"{""postcode_area"":""urban""}",
4ae343fc3bf1546c84aaaf64b5dd3b89,$pageview,synthetic-user-cn-01,synthetic-session-cn-01,2026-08-05T01:02:18+00:00,"{""$current_url"":""https://www.just-eat.co.uk/area/ec1a-1bb"",""$pathname"":""/area/ec1a-1bb""}",
ca50b126240f532385454e1f8fc3820d,category_opened,synthetic-user-cn-01,synthetic-session-cn-01,2026-08-05T01:02:50+00:00,"{""category"":""Groceries""}",
7f5e4305ae5d5d7694c4ff8237fbd47c,back_navigation,synthetic-user-cn-01,synthetic-session-cn-01,2026-08-05T01:03:16+00:00,"{""reason"":""wrong_category""}",
82361577e8235aa2ab69c9c6d6e64f3a,restaurant_opened,synthetic-user-cn-01,synthetic-session-cn-01,2026-08-05T01:03:45+00:00,"{""list_position"":1}",
4d111fbeb23959baa012078e84a4f9ef,$pageview,synthetic-user-cn-01,synthetic-session-cn-01,2026-08-05T01:03:50+00:00,"{""$current_url"":""https://www.just-eat.co.uk/menu/example-restaurant"",""$pathname"":""/menu/example-restaurant""}",
9880b1a29a3b51189d1d3b336d4063b8,item_information_opened,synthetic-user-cn-01,synthetic-session-cn-01,2026-08-05T01:04:28+00:00,"{""item_type"":""meal""}",
4d6111614daf5b9b8b5c90a7eb1ed4f1,add_attempted,synthetic-user-cn-01,synthetic-session-cn-01,2026-08-05T01:05:10+00:00,"{""required_options_missing"":true}",
1b8bb7623fe35627bdd87a8ac92e69a6,validation_error_shown,synthetic-user-cn-01,synthetic-session-cn-01,2026-08-05T01:05:13+00:00,"{""error_type"":""required_option""}",
87d231d8165555bcb323199cf1073e90,session_abandoned,synthetic-user-cn-01,synthetic-session-cn-01,2026-08-05T01:05:45+00:00,"{""reason"":""confusing_flow""}",
8f94786bb40d5256b49b05dd3a5eb94b,$pageview,synthetic-user-cn-02,synthetic-session-cn-02,2026-08-06T01:00:00+00:00,"{""$current_url"":""https://www.just-eat.co.uk/"",""$pathname"":""/""}",
0298f9ec901359e98f995441c446260b,location_input_focused,synthetic-user-cn-02,synthetic-session-cn-02,2026-08-06T01:00:22+00:00,"{""visit_number"":1}",
a56dc06505455bc988afcd1c1b564aa8,postcode_submitted,synthetic-user-cn-02,synthetic-session-cn-02,2026-08-06T01:00:45+00:00,"{""format"":""incomplete""}",
9b055765a70c5c43b20f5ab46dd69c82,validation_error_shown,synthetic-user-cn-02,synthetic-session-cn-02,2026-08-06T01:00:48+00:00,"{""error_type"":""invalid_postcode""}",
a193b24ceca15809b50f1680f5088b3f,postcode_submitted,synthetic-user-cn-02,synthetic-session-cn-02,2026-08-06T01:01:12+00:00,"{""format"":""with_extra_text""}",
7deab0012f6756f8a2a58ccfd954a216,validation_error_shown,synthetic-user-cn-02,synthetic-session-cn-02,2026-08-06T01:01:15+00:00,"{""error_type"":""invalid_postcode""}",
ed5603a2587955e3a281c3f7567c08ab,help_opened,synthetic-user-cn-02,synthetic-session-cn-02,2026-08-06T01:01:36+00:00,"{""topic"":""find_location""}",
18e5d52ebcbd51839bf3d50bd6689f6c,postcode_submitted,synthetic-user-cn-02,synthetic-session-cn-02,2026-08-06T01:02:10+00:00,"{""postcode_area"":""urban""}",
bee72d91c124530b95d9d2b28b911371,$pageview,synthetic-user-cn-02,synthetic-session-cn-02,2026-08-06T01:02:18+00:00,"{""$current_url"":""https://www.just-eat.co.uk/area/ec1a-1bb"",""$pathname"":""/area/ec1a-1bb""}",
def0a9ddee355c459a8b6e4dfaae4a3f,category_opened,synthetic-user-cn-02,synthetic-session-cn-02,2026-08-06T01:02:50+00:00,"{""category"":""Groceries""}",
6485cf13ee0e539f8ca5243345df1454,back_navigation,synthetic-user-cn-02,synthetic-session-cn-02,2026-08-06T01:03:16+00:00,"{""reason"":""wrong_category""}",
3691776771605bef8b06e108d7c2ff74,restaurant_opened,synthetic-user-cn-02,synthetic-session-cn-02,2026-08-06T01:03:45+00:00,"{""list_position"":1}",
d462aebb53ae5f5187c5818f17f6ba12,$pageview,synthetic-user-cn-02,synthetic-session-cn-02,2026-08-06T01:03:50+00:00,"{""$current_url"":""https://www.just-eat.co.uk/menu/example-restaurant"",""$pathname"":""/menu/example-restaurant""}",
17f555d83c89542699ad6beb8f9b60d6,item_information_opened,synthetic-user-cn-02,synthetic-session-cn-02,2026-08-06T01:04:28+00:00,"{""item_type"":""meal""}",
e4d89020ed295949b9d1195a773f94d1,add_attempted,synthetic-user-cn-02,synthetic-session-cn-02,2026-08-06T01:05:10+00:00,"{""required_options_missing"":true}",
7ec14571dd3c53018b4380249abd2cc3,validation_error_shown,synthetic-user-cn-02,synthetic-session-cn-02,2026-08-06T01:05:13+00:00,"{""error_type"":""required_option""}",
e2edf30136b95bab8ca8f071c0ec3b11,help_opened,synthetic-user-cn-02,synthetic-session-cn-02,2026-08-06T01:05:50+00:00,"{""topic"":""required_options""}",
4edd62399bda59a38c407fe426ff8492,item_added,synthetic-user-cn-02,synthetic-session-cn-02,2026-08-06T01:06:30+00:00,"{""item_type"":""meal""}",
9dc9dd4c48945c3da81e931148cf54be,$pageview,synthetic-user-cn-02,synthetic-session-cn-02,2026-08-06T01:06:50+00:00,"{""$current_url"":""https://www.just-eat.co.uk/basket"",""$pathname"":""/basket""}",
17acf21fa13d517880fe742ca33b45fa,$pageview,synthetic-user-cn-03,synthetic-session-cn-03,2026-08-07T01:00:00+00:00,"{""$current_url"":""https://www.just-eat.co.uk/"",""$pathname"":""/""}",
2de3de4ea4c35de4a31a66c838a2af16,location_input_focused,synthetic-user-cn-03,synthetic-session-cn-03,2026-08-07T01:00:22+00:00,"{""visit_number"":1}",
c8c5b555eb1154bbb91dd7721112ebea,postcode_submitted,synthetic-user-cn-03,synthetic-session-cn-03,2026-08-07T01:00:45+00:00,"{""format"":""incomplete""}",
78595504f96b5ad49d7f014bdb6664b0,validation_error_shown,synthetic-user-cn-03,synthetic-session-cn-03,2026-08-07T01:00:48+00:00,"{""error_type"":""invalid_postcode""}",
e41ac7f831015818bbe2afe7c1396cbf,postcode_submitted,synthetic-user-cn-03,synthetic-session-cn-03,2026-08-07T01:01:12+00:00,"{""format"":""with_extra_text""}",
f18837467605555aaf0c20643f6e7f7f,validation_error_shown,synthetic-user-cn-03,synthetic-session-cn-03,2026-08-07T01:01:15+00:00,"{""error_type"":""invalid_postcode""}",
fc678a998ade5d1abb9f06881dabc70a,help_opened,synthetic-user-cn-03,synthetic-session-cn-03,2026-08-07T01:01:36+00:00,"{""topic"":""find_location""}",
100cb5fcb6bc59eab78832c1e82b652f,postcode_submitted,synthetic-user-cn-03,synthetic-session-cn-03,2026-08-07T01:02:10+00:00,"{""postcode_area"":""urban""}",
32d3582dd5545ab09812daa8eafa9e7b,$pageview,synthetic-user-cn-03,synthetic-session-cn-03,2026-08-07T01:02:18+00:00,"{""$current_url"":""https://www.just-eat.co.uk/area/ec1a-1bb"",""$pathname"":""/area/ec1a-1bb""}",
b676e5bfe7c1505c85dff26e31ed7262,category_opened,synthetic-user-cn-03,synthetic-session-cn-03,2026-08-07T01:02:50+00:00,"{""category"":""Groceries""}",
baecab8f6c68591e8b801ab1bbc953c9,back_navigation,synthetic-user-cn-03,synthetic-session-cn-03,2026-08-07T01:03:16+00:00,"{""reason"":""wrong_category""}",
2e4dc69dc4125af68f460d4900f65c23,restaurant_opened,synthetic-user-cn-03,synthetic-session-cn-03,2026-08-07T01:03:45+00:00,"{""list_position"":1}",
e227b8246d05532b926b9258765dda8c,$pageview,synthetic-user-cn-03,synthetic-session-cn-03,2026-08-07T01:03:50+00:00,"{""$current_url"":""https://www.just-eat.co.uk/menu/example-restaurant"",""$pathname"":""/menu/example-restaurant""}",
7f1a9d876da85314bf9f95f8f7f0f4d1,item_information_opened,synthetic-user-cn-03,synthetic-session-cn-03,2026-08-07T01:04:28+00:00,"{""item_type"":""meal""}",
bd149cbdc91e51d3985fff58ceb03ed0,add_attempted,synthetic-user-cn-03,synthetic-session-cn-03,2026-08-07T01:05:10+00:00,"{""required_options_missing"":true}",
b7a80f91de4b50e09c6e19beb35e11f5,validation_error_shown,synthetic-user-cn-03,synthetic-session-cn-03,2026-08-07T01:05:13+00:00,"{""error_type"":""required_option""}",
04779bb1f1d75aecab99507e297f1333,session_abandoned,synthetic-user-cn-03,synthetic-session-cn-03,2026-08-07T01:05:45+00:00,"{""reason"":""confusing_flow""}",
576dd933a1bb52109def0f94b9ccab4d,$pageview,synthetic-user-cn-04,synthetic-session-cn-04,2026-08-08T01:00:00+00:00,"{""$current_url"":""https://www.just-eat.co.uk/"",""$pathname"":""/""}",
78369f34682e54faba96c4dc62fb9b74,location_input_focused,synthetic-user-cn-04,synthetic-session-cn-04,2026-08-08T01:00:22+00:00,"{""visit_number"":1}",
88fbbc0980265605bde35b0f8d97bd70,postcode_submitted,synthetic-user-cn-04,synthetic-session-cn-04,2026-08-08T01:00:45+00:00,"{""format"":""incomplete""}",
80ac9667deaf5a77ae0aa8b2175a02d4,validation_error_shown,synthetic-user-cn-04,synthetic-session-cn-04,2026-08-08T01:00:48+00:00,"{""error_type"":""invalid_postcode""}",
bfbb0b684b9655eeb37b77755a49ac53,postcode_submitted,synthetic-user-cn-04,synthetic-session-cn-04,2026-08-08T01:01:12+00:00,"{""format"":""with_extra_text""}",
44a516e97dcb5fddb2afdf74fb0525d6,validation_error_shown,synthetic-user-cn-04,synthetic-session-cn-04,2026-08-08T01:01:15+00:00,"{""error_type"":""invalid_postcode""}",
34a8d6f379ee55a7974dd502cc290966,help_opened,synthetic-user-cn-04,synthetic-session-cn-04,2026-08-08T01:01:36+00:00,"{""topic"":""find_location""}",
b26847f3f73751a08012da365b565f07,postcode_submitted,synthetic-user-cn-04,synthetic-session-cn-04,2026-08-08T01:02:10+00:00,"{""postcode_area"":""urban""}",
f9e408f6b1905ae9ba6f741990f4eb8f,$pageview,synthetic-user-cn-04,synthetic-session-cn-04,2026-08-08T01:02:18+00:00,"{""$current_url"":""https://www.just-eat.co.uk/area/ec1a-1bb"",""$pathname"":""/area/ec1a-1bb""}",
c63162a3d1e651d6822d8c5cb050270a,category_opened,synthetic-user-cn-04,synthetic-session-cn-04,2026-08-08T01:02:50+00:00,"{""category"":""Groceries""}",
c8b480defce4591c8fa31a933e23f358,back_navigation,synthetic-user-cn-04,synthetic-session-cn-04,2026-08-08T01:03:16+00:00,"{""reason"":""wrong_category""}",
0f48c22beb2d53c28d3ef78c1cc20f1e,restaurant_opened,synthetic-user-cn-04,synthetic-session-cn-04,2026-08-08T01:03:45+00:00,"{""list_position"":1}",
dc41a9b022c8527892b1144c75506cb5,$pageview,synthetic-user-cn-04,synthetic-session-cn-04,2026-08-08T01:03:50+00:00,"{""$current_url"":""https://www.just-eat.co.uk/menu/example-restaurant"",""$pathname"":""/menu/example-restaurant""}",
47a3239c68205853914bcaab36fc0575,item_information_opened,synthetic-user-cn-04,synthetic-session-cn-04,2026-08-08T01:04:28+00:00,"{""item_type"":""meal""}",
37bbe68e20e55f0381cfdf3b9162f8a0,add_attempted,synthetic-user-cn-04,synthetic-session-cn-04,2026-08-08T01:05:10+00:00,"{""required_options_missing"":true}",
3b68a4a64439563aacb22bc7f8153e1c,validation_error_shown,synthetic-user-cn-04,synthetic-session-cn-04,2026-08-08T01:05:13+00:00,"{""error_type"":""required_option""}",
50621d77397258adb39f08bfc4b409bd,help_opened,synthetic-user-cn-04,synthetic-session-cn-04,2026-08-08T01:05:50+00:00,"{""topic"":""required_options""}",
1353e93854bb5192926df675fd2ad1a6,item_added,synthetic-user-cn-04,synthetic-session-cn-04,2026-08-08T01:06:30+00:00,"{""item_type"":""meal""}",
92b2d14d704f5e1b94c58332d02b8769,$pageview,synthetic-user-cn-04,synthetic-session-cn-04,2026-08-08T01:06:50+00:00,"{""$current_url"":""https://www.just-eat.co.uk/basket"",""$pathname"":""/basket""}",
2094e56cf8b6518a8e5aad834c80ae38,$pageview,synthetic-user-cn-05,synthetic-session-cn-05,2026-08-09T01:00:00+00:00,"{""$current_url"":""https://www.just-eat.co.uk/"",""$pathname"":""/""}",
1f107ee0156d5926aa72b9252d95af8d,location_input_focused,synthetic-user-cn-05,synthetic-session-cn-05,2026-08-09T01:00:22+00:00,"{""visit_number"":1}",
a0b2e06bb6235bd2a81d624dc23ccb2c,postcode_submitted,synthetic-user-cn-05,synthetic-session-cn-05,2026-08-09T01:00:45+00:00,"{""format"":""incomplete""}",
6da4c9b92f2e59d6b1abd30bcf5795ce,validation_error_shown,synthetic-user-cn-05,synthetic-session-cn-05,2026-08-09T01:00:48+00:00,"{""error_type"":""invalid_postcode""}",
58b93a93f1ea5f338dd5f8cbf0f06d53,postcode_submitted,synthetic-user-cn-05,synthetic-session-cn-05,2026-08-09T01:01:12+00:00,"{""format"":""with_extra_text""}",
82f91a9ab25b5b23b4c4534e3795c551,validation_error_shown,synthetic-user-cn-05,synthetic-session-cn-05,2026-08-09T01:01:15+00:00,"{""error_type"":""invalid_postcode""}",
c6be266aecc85aa184843397eff25d37,help_opened,synthetic-user-cn-05,synthetic-session-cn-05,2026-08-09T01:01:36+00:00,"{""topic"":""find_location""}",
c183608908815d8891f5cf8d3973ad00,postcode_submitted,synthetic-user-cn-05,synthetic-session-cn-05,2026-08-09T01:02:10+00:00,"{""postcode_area"":""urban""}",
b2268f2ce7ad51a9b0fdffdfb17ae4aa,$pageview,synthetic-user-cn-05,synthetic-session-cn-05,2026-08-09T01:02:18+00:00,"{""$current_url"":""https://www.just-eat.co.uk/area/ec1a-1bb"",""$pathname"":""/area/ec1a-1bb""}",
2b4a2c8b3df1515da870b20f46322a5c,category_opened,synthetic-user-cn-05,synthetic-session-cn-05,2026-08-09T01:02:50+00:00,"{""category"":""Groceries""}",
9cf4be689ce75d929e667aca45beb2ac,back_navigation,synthetic-user-cn-05,synthetic-session-cn-05,2026-08-09T01:03:16+00:00,"{""reason"":""wrong_category""}",
822c9fd65c06588bb534e197fe6e014a,restaurant_opened,synthetic-user-cn-05,synthetic-session-cn-05,2026-08-09T01:03:45+00:00,"{""list_position"":1}",
4202ac5625625606909b2e02e278462c,$pageview,synthetic-user-cn-05,synthetic-session-cn-05,2026-08-09T01:03:50+00:00,"{""$current_url"":""https://www.just-eat.co.uk/menu/example-restaurant"",""$pathname"":""/menu/example-restaurant""}",
83ee8a3a48995daa9c0777d9634cfcc2,item_information_opened,synthetic-user-cn-05,synthetic-session-cn-05,2026-08-09T01:04:28+00:00,"{""item_type"":""meal""}",
9f82f4cb3b865b6e8178e99ca98d8b77,add_attempted,synthetic-user-cn-05,synthetic-session-cn-05,2026-08-09T01:05:10+00:00,"{""required_options_missing"":true}",
86c695e0efd154e7bb1df7bca9e157c6,validation_error_shown,synthetic-user-cn-05,synthetic-session-cn-05,2026-08-09T01:05:13+00:00,"{""error_type"":""required_option""}",
d7b6d098c786583788c7875d7fb97147,session_abandoned,synthetic-user-cn-05,synthetic-session-cn-05,2026-08-09T01:05:45+00:00,"{""reason"":""confusing_flow""}",
27c38cebd0b355a3bdbb6addfde018ce,$pageview,synthetic-user-cn-06,synthetic-session-cn-06,2026-08-10T01:00:00+00:00,"{""$current_url"":""https://www.just-eat.co.uk/"",""$pathname"":""/""}",
5d8d5263f9b35dd18ff6492b81a8c5c2,location_input_focused,synthetic-user-cn-06,synthetic-session-cn-06,2026-08-10T01:00:22+00:00,"{""visit_number"":1}",
10cdb42be7a05eecbfca869cd86fa0c8,postcode_submitted,synthetic-user-cn-06,synthetic-session-cn-06,2026-08-10T01:00:45+00:00,"{""format"":""incomplete""}",
5799545742c75f86843fc0d4d64316c3,validation_error_shown,synthetic-user-cn-06,synthetic-session-cn-06,2026-08-10T01:00:48+00:00,"{""error_type"":""invalid_postcode""}",
2dbd46ba81535817b9586eb7405345a2,postcode_submitted,synthetic-user-cn-06,synthetic-session-cn-06,2026-08-10T01:01:12+00:00,"{""format"":""with_extra_text""}",
b6a643d3856e563f8c4f3611114618ba,validation_error_shown,synthetic-user-cn-06,synthetic-session-cn-06,2026-08-10T01:01:15+00:00,"{""error_type"":""invalid_postcode""}",
12174b426b735fd58515450bddab8f37,help_opened,synthetic-user-cn-06,synthetic-session-cn-06,2026-08-10T01:01:36+00:00,"{""topic"":""find_location""}",
e46342f70dff534ba2ee06135a321695,postcode_submitted,synthetic-user-cn-06,synthetic-session-cn-06,2026-08-10T01:02:10+00:00,"{""postcode_area"":""urban""}",
7cee5b6c95af5fd29eafeddab5765c35,$pageview,synthetic-user-cn-06,synthetic-session-cn-06,2026-08-10T01:02:18+00:00,"{""$current_url"":""https://www.just-eat.co.uk/area/ec1a-1bb"",""$pathname"":""/area/ec1a-1bb""}",
e5830958dc80550e912cfb3893f5f385,category_opened,synthetic-user-cn-06,synthetic-session-cn-06,2026-08-10T01:02:50+00:00,"{""category"":""Groceries""}",
1b98085f316c57f0835ca7e24fc244fe,back_navigation,synthetic-user-cn-06,synthetic-session-cn-06,2026-08-10T01:03:16+00:00,"{""reason"":""wrong_category""}",
82b96ac165115fa397614921a79d9d87,restaurant_opened,synthetic-user-cn-06,synthetic-session-cn-06,2026-08-10T01:03:45+00:00,"{""list_position"":1}",
3a9806ce78e35628ab5e8b42594d37f1,$pageview,synthetic-user-cn-06,synthetic-session-cn-06,2026-08-10T01:03:50+00:00,"{""$current_url"":""https://www.just-eat.co.uk/menu/example-restaurant"",""$pathname"":""/menu/example-restaurant""}",
cab8cc2a56995b84b051f98c1ce5543d,item_information_opened,synthetic-user-cn-06,synthetic-session-cn-06,2026-08-10T01:04:28+00:00,"{""item_type"":""meal""}",
139378f9f85655fcb8cd41d14068b888,add_attempted,synthetic-user-cn-06,synthetic-session-cn-06,2026-08-10T01:05:10+00:00,"{""required_options_missing"":true}",
45cd004f7f42562193ad57da72ffda6e,validation_error_shown,synthetic-user-cn-06,synthetic-session-cn-06,2026-08-10T01:05:13+00:00,"{""error_type"":""required_option""}",
92728bedcf685ef093a1443228a0fa41,help_opened,synthetic-user-cn-06,synthetic-session-cn-06,2026-08-10T01:05:50+00:00,"{""topic"":""required_options""}",
153aeb32f5de512f9d89a21d4830ec17,item_added,synthetic-user-cn-06,synthetic-session-cn-06,2026-08-10T01:06:30+00:00,"{""item_type"":""meal""}",
8347fb89e2fa55389c1f9eb654fc00f0,$pageview,synthetic-user-cn-06,synthetic-session-cn-06,2026-08-10T01:06:50+00:00,"{""$current_url"":""https://www.just-eat.co.uk/basket"",""$pathname"":""/basket""}",
60b1ddffb8535092888c625c377135d8,$pageview,synthetic-user-cn-07,synthetic-session-cn-07,2026-08-11T01:00:00+00:00,"{""$current_url"":""https://www.just-eat.co.uk/"",""$pathname"":""/""}",
aa2c84148c3f57d89799994eae5fdd13,location_input_focused,synthetic-user-cn-07,synthetic-session-cn-07,2026-08-11T01:00:22+00:00,"{""visit_number"":1}",
b64055b84a5d5fd5b7400c387d0f167c,postcode_submitted,synthetic-user-cn-07,synthetic-session-cn-07,2026-08-11T01:00:45+00:00,"{""format"":""incomplete""}",
d8029018bf905409a5cd410b91b85b6c,validation_error_shown,synthetic-user-cn-07,synthetic-session-cn-07,2026-08-11T01:00:48+00:00,"{""error_type"":""invalid_postcode""}",
2385018c593c5b6a8f3c5220e177f89e,postcode_submitted,synthetic-user-cn-07,synthetic-session-cn-07,2026-08-11T01:01:12+00:00,"{""format"":""with_extra_text""}",
3994024016725ae0bef59b874e4cf2f2,validation_error_shown,synthetic-user-cn-07,synthetic-session-cn-07,2026-08-11T01:01:15+00:00,"{""error_type"":""invalid_postcode""}",
c2fae0281e1e550eba76a7391ff05fbb,help_opened,synthetic-user-cn-07,synthetic-session-cn-07,2026-08-11T01:01:36+00:00,"{""topic"":""find_location""}",
220bb7f22b705c6895278d9635e61d36,postcode_submitted,synthetic-user-cn-07,synthetic-session-cn-07,2026-08-11T01:02:10+00:00,"{""postcode_area"":""urban""}",
b9507a8b98025e428618989f769c8667,$pageview,synthetic-user-cn-07,synthetic-session-cn-07,2026-08-11T01:02:18+00:00,"{""$current_url"":""https://www.just-eat.co.uk/area/ec1a-1bb"",""$pathname"":""/area/ec1a-1bb""}",
c08eb85889b7582b9489965ff4d1b522,category_opened,synthetic-user-cn-07,synthetic-session-cn-07,2026-08-11T01:02:50+00:00,"{""category"":""Groceries""}",
67510e443b83584586ddb066dfc50008,back_navigation,synthetic-user-cn-07,synthetic-session-cn-07,2026-08-11T01:03:16+00:00,"{""reason"":""wrong_category""}",
128b7cf7133455df838854791cd3a89e,restaurant_opened,synthetic-user-cn-07,synthetic-session-cn-07,2026-08-11T01:03:45+00:00,"{""list_position"":1}",
83c37342c8665134a4496243cabb337a,$pageview,synthetic-user-cn-07,synthetic-session-cn-07,2026-08-11T01:03:50+00:00,"{""$current_url"":""https://www.just-eat.co.uk/menu/example-restaurant"",""$pathname"":""/menu/example-restaurant""}",
2a8bfdda25a459d29a0feef5f4111bb9,item_information_opened,synthetic-user-cn-07,synthetic-session-cn-07,2026-08-11T01:04:28+00:00,"{""item_type"":""meal""}",
f36c2eeb1dd5503fa8db947eb841ab15,add_attempted,synthetic-user-cn-07,synthetic-session-cn-07,2026-08-11T01:05:10+00:00,"{""required_options_missing"":true}",
ac2163285a575de989e1f0b33367eec1,validation_error_shown,synthetic-user-cn-07,synthetic-session-cn-07,2026-08-11T01:05:13+00:00,"{""error_type"":""required_option""}",
f57232deeef454239aae879e23c02165,session_abandoned,synthetic-user-cn-07,synthetic-session-cn-07,2026-08-11T01:05:45+00:00,"{""reason"":""confusing_flow""}",
3a1e00e5c7a151f48f53700389529f8e,$pageview,synthetic-user-cn-08,synthetic-session-cn-08,2026-08-12T01:00:00+00:00,"{""$current_url"":""https://www.just-eat.co.uk/"",""$pathname"":""/""}",
92bb067a87245d4eb8f7dcd2f03f7cb0,location_input_focused,synthetic-user-cn-08,synthetic-session-cn-08,2026-08-12T01:00:22+00:00,"{""visit_number"":1}",
1a130e6777fa55bc8802914e5d2bdac1,postcode_submitted,synthetic-user-cn-08,synthetic-session-cn-08,2026-08-12T01:00:45+00:00,"{""format"":""incomplete""}",
38b9fae9ca6d5e2197a2a4a4a1b92ef6,validation_error_shown,synthetic-user-cn-08,synthetic-session-cn-08,2026-08-12T01:00:48+00:00,"{""error_type"":""invalid_postcode""}",
3bb636a1954b5e129adc9b44e9ea317e,postcode_submitted,synthetic-user-cn-08,synthetic-session-cn-08,2026-08-12T01:01:12+00:00,"{""format"":""with_extra_text""}",
804dedd5ccdf5312aedeeeaaf8dfab55,validation_error_shown,synthetic-user-cn-08,synthetic-session-cn-08,2026-08-12T01:01:15+00:00,"{""error_type"":""invalid_postcode""}",
ebb6795f06cb526997dffeedb9cfe108,help_opened,synthetic-user-cn-08,synthetic-session-cn-08,2026-08-12T01:01:36+00:00,"{""topic"":""find_location""}",
87e26b51570c58bd83aba7a1500d7944,postcode_submitted,synthetic-user-cn-08,synthetic-session-cn-08,2026-08-12T01:02:10+00:00,"{""postcode_area"":""urban""}",
1faaa6dd92c45906a7092c2662a54b4f,$pageview,synthetic-user-cn-08,synthetic-session-cn-08,2026-08-12T01:02:18+00:00,"{""$current_url"":""https://www.just-eat.co.uk/area/ec1a-1bb"",""$pathname"":""/area/ec1a-1bb""}",
85549bfbd71e5959b0dca163c0821340,category_opened,synthetic-user-cn-08,synthetic-session-cn-08,2026-08-12T01:02:50+00:00,"{""category"":""Groceries""}",
ea9f92efc0e35e389d2458f3d78b993b,back_navigation,synthetic-user-cn-08,synthetic-session-cn-08,2026-08-12T01:03:16+00:00,"{""reason"":""wrong_category""}",
5b0e7ec00c0e57da8a3b473d1e3ca409,restaurant_opened,synthetic-user-cn-08,synthetic-session-cn-08,2026-08-12T01:03:45+00:00,"{""list_position"":1}",
02ceb4618a455c8a9a858694a9456499,$pageview,synthetic-user-cn-08,synthetic-session-cn-08,2026-08-12T01:03:50+00:00,"{""$current_url"":""https://www.just-eat.co.uk/menu/example-restaurant"",""$pathname"":""/menu/example-restaurant""}",
1e9f080adacb50b192ce198ac3ed39b0,item_information_opened,synthetic-user-cn-08,synthetic-session-cn-08,2026-08-12T01:04:28+00:00,"{""item_type"":""meal""}",
a390652d94f257c5abdfb955198e7a58,add_attempted,synthetic-user-cn-08,synthetic-session-cn-08,2026-08-12T01:05:10+00:00,"{""required_options_missing"":true}",
7394649fa0eb58f49bc13992b2bc4b6a,validation_error_shown,synthetic-user-cn-08,synthetic-session-cn-08,2026-08-12T01:05:13+00:00,"{""error_type"":""required_option""}",
8b95eec9893b5910b5712ac8b6f40c87,help_opened,synthetic-user-cn-08,synthetic-session-cn-08,2026-08-12T01:05:50+00:00,"{""topic"":""required_options""}",
f3c29687862057a5bbec5381f5739d71,item_added,synthetic-user-cn-08,synthetic-session-cn-08,2026-08-12T01:06:30+00:00,"{""item_type"":""meal""}",
11b96c18033958298c023fe8d9afa408,$pageview,synthetic-user-cn-08,synthetic-session-cn-08,2026-08-12T01:06:50+00:00,"{""$current_url"":""https://www.just-eat.co.uk/basket"",""$pathname"":""/basket""}",
e3d61a85ead5534b9edb6dc037099be1,$pageview,synthetic-user-cn-09,synthetic-session-cn-09,2026-08-13T01:00:00+00:00,"{""$current_url"":""https://www.just-eat.co.uk/"",""$pathname"":""/""}",
c57d94c9ca7a5661a96ca744b1345eea,location_input_focused,synthetic-user-cn-09,synthetic-session-cn-09,2026-08-13T01:00:22+00:00,"{""visit_number"":1}",
7f77ea5907875be0b33bac20c86bc8ca,postcode_submitted,synthetic-user-cn-09,synthetic-session-cn-09,2026-08-13T01:00:45+00:00,"{""format"":""incomplete""}",
7bc3e292c0ba5a848b74929e03e4287e,validation_error_shown,synthetic-user-cn-09,synthetic-session-cn-09,2026-08-13T01:00:48+00:00,"{""error_type"":""invalid_postcode""}",
ef8040d713705e4ab702c49b98076ff0,postcode_submitted,synthetic-user-cn-09,synthetic-session-cn-09,2026-08-13T01:01:12+00:00,"{""format"":""with_extra_text""}",
a3b7c749b0a85fcb979be949ce438b70,validation_error_shown,synthetic-user-cn-09,synthetic-session-cn-09,2026-08-13T01:01:15+00:00,"{""error_type"":""invalid_postcode""}",
179f880d591c5f7db69a05a9cd9ed77d,help_opened,synthetic-user-cn-09,synthetic-session-cn-09,2026-08-13T01:01:36+00:00,"{""topic"":""find_location""}",
18c78019328b5577b26129a556d5c05e,postcode_submitted,synthetic-user-cn-09,synthetic-session-cn-09,2026-08-13T01:02:10+00:00,"{""postcode_area"":""urban""}",
bafe9e82e8d0534c8d64bf104c0b0c72,$pageview,synthetic-user-cn-09,synthetic-session-cn-09,2026-08-13T01:02:18+00:00,"{""$current_url"":""https://www.just-eat.co.uk/area/ec1a-1bb"",""$pathname"":""/area/ec1a-1bb""}",
daef9044dbd85f688636026d64562228,category_opened,synthetic-user-cn-09,synthetic-session-cn-09,2026-08-13T01:02:50+00:00,"{""category"":""Groceries""}",
5b65d53b9b8b5472944df3f1ac503678,back_navigation,synthetic-user-cn-09,synthetic-session-cn-09,2026-08-13T01:03:16+00:00,"{""reason"":""wrong_category""}",
cf46efe7510653c2801b3b562a66a7aa,restaurant_opened,synthetic-user-cn-09,synthetic-session-cn-09,2026-08-13T01:03:45+00:00,"{""list_position"":1}",
f5f264dfd0705dc18b13bf8665ae4736,$pageview,synthetic-user-cn-09,synthetic-session-cn-09,2026-08-13T01:03:50+00:00,"{""$current_url"":""https://www.just-eat.co.uk/menu/example-restaurant"",""$pathname"":""/menu/example-restaurant""}",
6a1350d997c85e8b903c5dc9972d7d34,item_information_opened,synthetic-user-cn-09,synthetic-session-cn-09,2026-08-13T01:04:28+00:00,"{""item_type"":""meal""}",
1bb481d914fe5aa2904e0a9121ece170,add_attempted,synthetic-user-cn-09,synthetic-session-cn-09,2026-08-13T01:05:10+00:00,"{""required_options_missing"":true}",
6e073829b66b59dc811443fbf372b295,validation_error_shown,synthetic-user-cn-09,synthetic-session-cn-09,2026-08-13T01:05:13+00:00,"{""error_type"":""required_option""}",
810eb75b56c057478a951dc181506735,session_abandoned,synthetic-user-cn-09,synthetic-session-cn-09,2026-08-13T01:05:45+00:00,"{""reason"":""confusing_flow""}",
fdb27df057e25c4ca5f35ec1af2339b3,$pageview,synthetic-user-cn-10,synthetic-session-cn-10,2026-08-14T01:00:00+00:00,"{""$current_url"":""https://www.just-eat.co.uk/"",""$pathname"":""/""}",
0342641d89e05c35b413dbdae6ab688f,location_input_focused,synthetic-user-cn-10,synthetic-session-cn-10,2026-08-14T01:00:22+00:00,"{""visit_number"":1}",
d7f7ef66b7a05a6aac76c19470710f71,postcode_submitted,synthetic-user-cn-10,synthetic-session-cn-10,2026-08-14T01:00:45+00:00,"{""format"":""incomplete""}",
ba0d0d6f2a485250bbf75818fa79b8ee,validation_error_shown,synthetic-user-cn-10,synthetic-session-cn-10,2026-08-14T01:00:48+00:00,"{""error_type"":""invalid_postcode""}",
a6299f4a0291532dbb9ceecbad37d65e,postcode_submitted,synthetic-user-cn-10,synthetic-session-cn-10,2026-08-14T01:01:12+00:00,"{""format"":""with_extra_text""}",
4b268cbf9faa5850b8536db2cd2eab6f,validation_error_shown,synthetic-user-cn-10,synthetic-session-cn-10,2026-08-14T01:01:15+00:00,"{""error_type"":""invalid_postcode""}",
ca324610c73652b3bd7151b79c17cf3f,help_opened,synthetic-user-cn-10,synthetic-session-cn-10,2026-08-14T01:01:36+00:00,"{""topic"":""find_location""}",
7dfb9659fce45bde8c7d48216f7b2ce2,postcode_submitted,synthetic-user-cn-10,synthetic-session-cn-10,2026-08-14T01:02:10+00:00,"{""postcode_area"":""urban""}",
2c7796c49e0f5098a7f6e0b4598fc998,$pageview,synthetic-user-cn-10,synthetic-session-cn-10,2026-08-14T01:02:18+00:00,"{""$current_url"":""https://www.just-eat.co.uk/area/ec1a-1bb"",""$pathname"":""/area/ec1a-1bb""}",
e1a3cde990ea5bfaa5595bd51df1bfe8,category_opened,synthetic-user-cn-10,synthetic-session-cn-10,2026-08-14T01:02:50+00:00,"{""category"":""Groceries""}",
59faa0de3a4e51939346f3f84519a02c,back_navigation,synthetic-user-cn-10,synthetic-session-cn-10,2026-08-14T01:03:16+00:00,"{""reason"":""wrong_category""}",
65dc3b37c3a65345824ea3489c246dd2,restaurant_opened,synthetic-user-cn-10,synthetic-session-cn-10,2026-08-14T01:03:45+00:00,"{""list_position"":1}",
e6709664c3595f6ba7be51d96e1d0633,$pageview,synthetic-user-cn-10,synthetic-session-cn-10,2026-08-14T01:03:50+00:00,"{""$current_url"":""https://www.just-eat.co.uk/menu/example-restaurant"",""$pathname"":""/menu/example-restaurant""}",
a374cdae583d568684f039c2a8ff9d63,item_information_opened,synthetic-user-cn-10,synthetic-session-cn-10,2026-08-14T01:04:28+00:00,"{""item_type"":""meal""}",
2efb7b785be252b09d2f1dd0a8a18a49,add_attempted,synthetic-user-cn-10,synthetic-session-cn-10,2026-08-14T01:05:10+00:00,"{""required_options_missing"":true}",
cedfe599a5045561b45a18613510784c,validation_error_shown,synthetic-user-cn-10,synthetic-session-cn-10,2026-08-14T01:05:13+00:00,"{""error_type"":""required_option""}",
0d2ae5508c4d53dea3a0ce2657fe2e37,help_opened,synthetic-user-cn-10,synthetic-session-cn-10,2026-08-14T01:05:50+00:00,"{""topic"":""required_options""}",
1d26c210161b597d82429244a4471bb9,item_added,synthetic-user-cn-10,synthetic-session-cn-10,2026-08-14T01:06:30+00:00,"{""item_type"":""meal""}",
774ca75022c954b4b91c54307cbd54cc,$pageview,synthetic-user-cn-10,synthetic-session-cn-10,2026-08-14T01:06:50+00:00,"{""$current_url"":""https://www.just-eat.co.uk/basket"",""$pathname"":""/basket""}",
392e5b46198b5d81ae21f158a9af88fd,$pageview,synthetic-user-cn-11,synthetic-session-cn-11,2026-08-15T01:00:00+00:00,"{""$current_url"":""https://www.just-eat.co.uk/"",""$pathname"":""/""}",
95b1870fa79d57bab8f7db88b1aca9b4,location_input_focused,synthetic-user-cn-11,synthetic-session-cn-11,2026-08-15T01:00:22+00:00,"{""visit_number"":1}",
6ea07a3c698b590c9df9779be4603154,postcode_submitted,synthetic-user-cn-11,synthetic-session-cn-11,2026-08-15T01:00:45+00:00,"{""format"":""incomplete""}",
7da9e89ca0185264a82b50830e52d5d7,validation_error_shown,synthetic-user-cn-11,synthetic-session-cn-11,2026-08-15T01:00:48+00:00,"{""error_type"":""invalid_postcode""}",
7a78c3d4602758e3a469c6b2426b15bf,postcode_submitted,synthetic-user-cn-11,synthetic-session-cn-11,2026-08-15T01:01:12+00:00,"{""format"":""with_extra_text""}",
492d1cdad0065e1e814d1d9e65347420,validation_error_shown,synthetic-user-cn-11,synthetic-session-cn-11,2026-08-15T01:01:15+00:00,"{""error_type"":""invalid_postcode""}",
bc7448d72f6357be9bf1d7090b5421e3,help_opened,synthetic-user-cn-11,synthetic-session-cn-11,2026-08-15T01:01:36+00:00,"{""topic"":""find_location""}",
90967c94ad7c562db550f67111a3eff4,postcode_submitted,synthetic-user-cn-11,synthetic-session-cn-11,2026-08-15T01:02:10+00:00,"{""postcode_area"":""urban""}",
501dba00e6e9507aa785053817f7c2da,$pageview,synthetic-user-cn-11,synthetic-session-cn-11,2026-08-15T01:02:18+00:00,"{""$current_url"":""https://www.just-eat.co.uk/area/ec1a-1bb"",""$pathname"":""/area/ec1a-1bb""}",
311727f17f4d58bba3bb38e300ba1474,category_opened,synthetic-user-cn-11,synthetic-session-cn-11,2026-08-15T01:02:50+00:00,"{""category"":""Groceries""}",
54d296690ba05c8c92d343a93b70665b,back_navigation,synthetic-user-cn-11,synthetic-session-cn-11,2026-08-15T01:03:16+00:00,"{""reason"":""wrong_category""}",
9cb5ac04e4b95a909bb8add246e2add5,restaurant_opened,synthetic-user-cn-11,synthetic-session-cn-11,2026-08-15T01:03:45+00:00,"{""list_position"":1}",
ad4e79ba6b53560d9db7cecd23ef9de8,$pageview,synthetic-user-cn-11,synthetic-session-cn-11,2026-08-15T01:03:50+00:00,"{""$current_url"":""https://www.just-eat.co.uk/menu/example-restaurant"",""$pathname"":""/menu/example-restaurant""}",
6f8d47fa2a125206a1d89cb048986c8f,item_information_opened,synthetic-user-cn-11,synthetic-session-cn-11,2026-08-15T01:04:28+00:00,"{""item_type"":""meal""}",
793aa3207e505baf9e2e67f134d5abe1,add_attempted,synthetic-user-cn-11,synthetic-session-cn-11,2026-08-15T01:05:10+00:00,"{""required_options_missing"":true}",
a2f7a9fbee965424b5f3120f15ab6171,validation_error_shown,synthetic-user-cn-11,synthetic-session-cn-11,2026-08-15T01:05:13+00:00,"{""error_type"":""required_option""}",
b32082a36a5d594f959a57adb8f4a092,session_abandoned,synthetic-user-cn-11,synthetic-session-cn-11,2026-08-15T01:05:45+00:00,"{""reason"":""confusing_flow""}",
d9f02f93f2b25d8c9cba9bad72eb1c44,$pageview,synthetic-user-cn-12,synthetic-session-cn-12,2026-08-16T01:00:00+00:00,"{""$current_url"":""https://www.just-eat.co.uk/"",""$pathname"":""/""}",
334e4f41218554d58d5c7d5158578583,location_input_focused,synthetic-user-cn-12,synthetic-session-cn-12,2026-08-16T01:00:22+00:00,"{""visit_number"":1}",
e669beb1bf5a54ed8ef813bd98327385,postcode_submitted,synthetic-user-cn-12,synthetic-session-cn-12,2026-08-16T01:00:45+00:00,"{""format"":""incomplete""}",
7b0a48fed75d5045ad94a174e5301c2d,validation_error_shown,synthetic-user-cn-12,synthetic-session-cn-12,2026-08-16T01:00:48+00:00,"{""error_type"":""invalid_postcode""}",
535bc7e6fe3a563d815f0e9e4c22000c,postcode_submitted,synthetic-user-cn-12,synthetic-session-cn-12,2026-08-16T01:01:12+00:00,"{""format"":""with_extra_text""}",
d23ef0710c7d570db1206c7b559892d3,validation_error_shown,synthetic-user-cn-12,synthetic-session-cn-12,2026-08-16T01:01:15+00:00,"{""error_type"":""invalid_postcode""}",
82c9ca9c1f835e4fade5efbef5b3df9b,help_opened,synthetic-user-cn-12,synthetic-session-cn-12,2026-08-16T01:01:36+00:00,"{""topic"":""find_location""}",
5658c2fffd5d598182baba9668832ed2,postcode_submitted,synthetic-user-cn-12,synthetic-session-cn-12,2026-08-16T01:02:10+00:00,"{""postcode_area"":""urban""}",
7079385c17a053e890e0739d164d2cd9,$pageview,synthetic-user-cn-12,synthetic-session-cn-12,2026-08-16T01:02:18+00:00,"{""$current_url"":""https://www.just-eat.co.uk/area/ec1a-1bb"",""$pathname"":""/area/ec1a-1bb""}",
c280202f2ddf50c881cd30fdaf0d3dc9,category_opened,synthetic-user-cn-12,synthetic-session-cn-12,2026-08-16T01:02:50+00:00,"{""category"":""Groceries""}",
76a1edf0d7c25dac9c3b856038a41064,back_navigation,synthetic-user-cn-12,synthetic-session-cn-12,2026-08-16T01:03:16+00:00,"{""reason"":""wrong_category""}",
821e25fbc9aa5a2b830eb7b3b6793aeb,restaurant_opened,synthetic-user-cn-12,synthetic-session-cn-12,2026-08-16T01:03:45+00:00,"{""list_position"":1}",
de700143508a5306871fa3d4cfbe593d,$pageview,synthetic-user-cn-12,synthetic-session-cn-12,2026-08-16T01:03:50+00:00,"{""$current_url"":""https://www.just-eat.co.uk/menu/example-restaurant"",""$pathname"":""/menu/example-restaurant""}",
10259e7ace065a3b85bcf2ad8a2b0417,item_information_opened,synthetic-user-cn-12,synthetic-session-cn-12,2026-08-16T01:04:28+00:00,"{""item_type"":""meal""}",
d933bc5c91a653a9b8e4088064420b76,add_attempted,synthetic-user-cn-12,synthetic-session-cn-12,2026-08-16T01:05:10+00:00,"{""required_options_missing"":true}",
0bf38a751581547eab4869d8a592725c,validation_error_shown,synthetic-user-cn-12,synthetic-session-cn-12,2026-08-16T01:05:13+00:00,"{""error_type"":""required_option""}",
cd37e5ce8ed153a59da53fae6d2d3ab8,help_opened,synthetic-user-cn-12,synthetic-session-cn-12,2026-08-16T01:05:50+00:00,"{""topic"":""required_options""}",
ed6fcea2a5245977a866895d81b3c555,item_added,synthetic-user-cn-12,synthetic-session-cn-12,2026-08-16T01:06:30+00:00,"{""item_type"":""meal""}",
fb32ce76b2be59f6ba73a6631186b11b,$pageview,synthetic-user-cn-12,synthetic-session-cn-12,2026-08-16T01:06:50+00:00,"{""$current_url"":""https://www.just-eat.co.uk/basket"",""$pathname"":""/basket""}",
cb3f5af08f8c5f56a8a5e0915de59c86,$pageview,synthetic-user-dp-01,synthetic-session-dp-01,2026-08-04T19:00:00+00:00,"{""$current_url"":""https://www.just-eat.co.uk/"",""$pathname"":""/""}",
40cdf2f4ab7e5f50bf67c13cc2e71bb0,postcode_submitted,synthetic-user-dp-01,synthetic-session-dp-01,2026-08-04T19:00:18+00:00,"{""postcode_area"":""urban""}",
55848a60791e578b96b46a2053e4881b,$pageview,synthetic-user-dp-01,synthetic-session-dp-01,2026-08-04T19:00:23+00:00,"{""$current_url"":""https://www.just-eat.co.uk/area/ec1a-1bb"",""$pathname"":""/area/ec1a-1bb""}",
cd4ff1ea6c2d56ce812379e81ee7919c,dietary_filter_selected,synthetic-user-dp-01,synthetic-session-dp-01,2026-08-04T19:00:42+00:00,"{""filter_name"":""Vegan""}",
c0d0aa6eb0cd535b9d65614c9d7e258c,restaurant_compared,synthetic-user-dp-01,synthetic-session-dp-01,2026-08-04T19:01:05+00:00,"{""comparison_count"":1}",
6f893709fc4354dc8a16e3a523f70c25,$pageview,synthetic-user-dp-01,synthetic-session-dp-01,2026-08-04T19:01:26+00:00,"{""$current_url"":""https://www.just-eat.co.uk/menu/plant-kitchen"",""$pathname"":""/menu/plant-kitchen""}",
5f5f870feccc516aa64b3098ad5b90db,allergen_information_opened,synthetic-user-dp-01,synthetic-session-dp-01,2026-08-04T19:01:50+00:00,"{""allergen"":""peanuts""}",
f248acab9cc55611b5fe102b2cbec4b1,menu_item_viewed,synthetic-user-dp-01,synthetic-session-dp-01,2026-08-04T19:02:25+00:00,"{""dietary_tag"":""vegan"",""item_type"":""pizza""}",
07a929812bfe59acb4fab2d3f87d3680,restaurant_compared,synthetic-user-dp-01,synthetic-session-dp-01,2026-08-04T19:03:01+00:00,"{""comparison_count"":2}",
2a465d9534475aaa9a287224b3ad751a,$pageview,synthetic-user-dp-01,synthetic-session-dp-01,2026-08-04T19:03:30+00:00,"{""$current_url"":""https://www.just-eat.co.uk/menu/green-pizza"",""$pathname"":""/menu/green-pizza""}",
87cf7211e48052f488f4faae04504640,allergen_information_opened,synthetic-user-dp-01,synthetic-session-dp-01,2026-08-04T19:04:02+00:00,"{""allergen"":""peanuts""}",
64195e0893445d9fb59b09853c6e4114,item_added,synthetic-user-dp-01,synthetic-session-dp-01,2026-08-04T19:04:35+00:00,"{""dietary_tag"":""vegan"",""item_type"":""pizza""}",
799cecb334285d97afc842c47f34e8c6,$pageview,synthetic-user-dp-01,synthetic-session-dp-01,2026-08-04T19:04:50+00:00,"{""$current_url"":""https://www.just-eat.co.uk/checkout"",""$pathname"":""/checkout""}",
bd0599550f8755e8bb1c21ec8e548c26,$pageview,synthetic-user-dp-02,synthetic-session-dp-02,2026-08-05T19:00:00+00:00,"{""$current_url"":""https://www.just-eat.co.uk/"",""$pathname"":""/""}",
000f3717ebb156c8b89747c691e8e94e,postcode_submitted,synthetic-user-dp-02,synthetic-session-dp-02,2026-08-05T19:00:18+00:00,"{""postcode_area"":""urban""}",
9e592f063a33581c8b1e2719f78df002,$pageview,synthetic-user-dp-02,synthetic-session-dp-02,2026-08-05T19:00:23+00:00,"{""$current_url"":""https://www.just-eat.co.uk/area/ec1a-1bb"",""$pathname"":""/area/ec1a-1bb""}",
2ef80f9298555b679e7e48ff0196b306,dietary_filter_selected,synthetic-user-dp-02,synthetic-session-dp-02,2026-08-05T19:00:42+00:00,"{""filter_name"":""Vegan""}",
383ba705e24d54f8b19966836dd1fa8c,restaurant_compared,synthetic-user-dp-02,synthetic-session-dp-02,2026-08-05T19:01:05+00:00,"{""comparison_count"":1}",
b869c18218805e39b021c93bd68a9342,$pageview,synthetic-user-dp-02,synthetic-session-dp-02,2026-08-05T19:01:26+00:00,"{""$current_url"":""https://www.just-eat.co.uk/menu/plant-kitchen"",""$pathname"":""/menu/plant-kitchen""}",
4b17f061412d5450aaa4f6820252e234,allergen_information_opened,synthetic-user-dp-02,synthetic-session-dp-02,2026-08-05T19:01:50+00:00,"{""allergen"":""peanuts""}",
9107f14d09685e11a30013fab956e516,menu_item_viewed,synthetic-user-dp-02,synthetic-session-dp-02,2026-08-05T19:02:25+00:00,"{""dietary_tag"":""vegan"",""item_type"":""pizza""}",
027cd1c27ea058e58f87a4ff4c9db9d9,restaurant_compared,synthetic-user-dp-02,synthetic-session-dp-02,2026-08-05T19:03:01+00:00,"{""comparison_count"":2}",
952f4b05187c5d6ebdc977b40800ffaf,$pageview,synthetic-user-dp-02,synthetic-session-dp-02,2026-08-05T19:03:30+00:00,"{""$current_url"":""https://www.just-eat.co.uk/menu/green-pizza"",""$pathname"":""/menu/green-pizza""}",
4bd52788df8053368f22d6e44274388d,allergen_information_opened,synthetic-user-dp-02,synthetic-session-dp-02,2026-08-05T19:04:02+00:00,"{""allergen"":""peanuts""}",
19cff2449627540b995d7df0a8932cfc,item_added,synthetic-user-dp-02,synthetic-session-dp-02,2026-08-05T19:04:35+00:00,"{""dietary_tag"":""vegan"",""item_type"":""pizza""}",
6cec094dc7b1598ca4614e232180de3a,$pageview,synthetic-user-dp-02,synthetic-session-dp-02,2026-08-05T19:04:50+00:00,"{""$current_url"":""https://www.just-eat.co.uk/checkout"",""$pathname"":""/checkout""}",
9f581607896053478ae1c0f1824d5ace,$pageview,synthetic-user-dp-03,synthetic-session-dp-03,2026-08-06T19:00:00+00:00,"{""$current_url"":""https://www.just-eat.co.uk/"",""$pathname"":""/""}",
cce7e8301f46578c9311176433cbbe28,postcode_submitted,synthetic-user-dp-03,synthetic-session-dp-03,2026-08-06T19:00:18+00:00,"{""postcode_area"":""urban""}",
a740f39a789b5251af06cfa55ef50aa5,$pageview,synthetic-user-dp-03,synthetic-session-dp-03,2026-08-06T19:00:23+00:00,"{""$current_url"":""https://www.just-eat.co.uk/area/ec1a-1bb"",""$pathname"":""/area/ec1a-1bb""}",
99b891ba90d25f03b5aefbc1e78f5349,dietary_filter_selected,synthetic-user-dp-03,synthetic-session-dp-03,2026-08-06T19:00:42+00:00,"{""filter_name"":""Vegan""}",
0ea686964f49528a93b80ef808eeafcf,restaurant_compared,synthetic-user-dp-03,synthetic-session-dp-03,2026-08-06T19:01:05+00:00,"{""comparison_count"":1}",
1d70a6140dcf5f318f97b64e88ed08fc,$pageview,synthetic-user-dp-03,synthetic-session-dp-03,2026-08-06T19:01:26+00:00,"{""$current_url"":""https://www.just-eat.co.uk/menu/plant-kitchen"",""$pathname"":""/menu/plant-kitchen""}",
62bbf29ad77455c78a7402bfccb4a421,allergen_information_opened,synthetic-user-dp-03,synthetic-session-dp-03,2026-08-06T19:01:50+00:00,"{""allergen"":""peanuts""}",
679325b90ec05795a2d1d6a461d3bbf8,menu_item_viewed,synthetic-user-dp-03,synthetic-session-dp-03,2026-08-06T19:02:25+00:00,"{""dietary_tag"":""vegan"",""item_type"":""pizza""}",
48ee2590c40b537d923e1147ae66555c,restaurant_compared,synthetic-user-dp-03,synthetic-session-dp-03,2026-08-06T19:03:01+00:00,"{""comparison_count"":2}",
31067318bacf5a1c9ccb8e9a07f98f1c,$pageview,synthetic-user-dp-03,synthetic-session-dp-03,2026-08-06T19:03:30+00:00,"{""$current_url"":""https://www.just-eat.co.uk/menu/green-pizza"",""$pathname"":""/menu/green-pizza""}",
ba7805523b69504587470fc5cb60254b,allergen_information_opened,synthetic-user-dp-03,synthetic-session-dp-03,2026-08-06T19:04:02+00:00,"{""allergen"":""peanuts""}",
8e4f57b1805354f6b15b9144d4fcab85,item_added,synthetic-user-dp-03,synthetic-session-dp-03,2026-08-06T19:04:35+00:00,"{""dietary_tag"":""vegan"",""item_type"":""pizza""}",
db6ed8c2717e580f9435276bbb20d387,$pageview,synthetic-user-dp-03,synthetic-session-dp-03,2026-08-06T19:04:50+00:00,"{""$current_url"":""https://www.just-eat.co.uk/checkout"",""$pathname"":""/checkout""}",
3c14de6bc1975c8c88e1ff8cf65abf13,$pageview,synthetic-user-dp-04,synthetic-session-dp-04,2026-08-07T19:00:00+00:00,"{""$current_url"":""https://www.just-eat.co.uk/"",""$pathname"":""/""}",
43d9541bd0b359a6851117e98aa873fd,postcode_submitted,synthetic-user-dp-04,synthetic-session-dp-04,2026-08-07T19:00:18+00:00,"{""postcode_area"":""urban""}",
921cdb67d29c51f6a8199c6935e3ea1f,$pageview,synthetic-user-dp-04,synthetic-session-dp-04,2026-08-07T19:00:23+00:00,"{""$current_url"":""https://www.just-eat.co.uk/area/ec1a-1bb"",""$pathname"":""/area/ec1a-1bb""}",
7b6ba0c0678753158eeb9abd874a7bf7,dietary_filter_selected,synthetic-user-dp-04,synthetic-session-dp-04,2026-08-07T19:00:42+00:00,"{""filter_name"":""Vegan""}",
1ef0031c2043589a8886a78dfde68f23,restaurant_compared,synthetic-user-dp-04,synthetic-session-dp-04,2026-08-07T19:01:05+00:00,"{""comparison_count"":1}",
293024cec040541ba755397ee36d2146,$pageview,synthetic-user-dp-04,synthetic-session-dp-04,2026-08-07T19:01:26+00:00,"{""$current_url"":""https://www.just-eat.co.uk/menu/plant-kitchen"",""$pathname"":""/menu/plant-kitchen""}",
6401d369d0b85d4ebae37d1a85d231af,allergen_information_opened,synthetic-user-dp-04,synthetic-session-dp-04,2026-08-07T19:01:50+00:00,"{""allergen"":""peanuts""}",
76c9227fba3e5bc69038a7fe1f984f04,menu_item_viewed,synthetic-user-dp-04,synthetic-session-dp-04,2026-08-07T19:02:25+00:00,"{""dietary_tag"":""vegan"",""item_type"":""pizza""}",
88e6754347fe5c51b416d39768f4aed4,restaurant_compared,synthetic-user-dp-04,synthetic-session-dp-04,2026-08-07T19:03:01+00:00,"{""comparison_count"":2}",
c73308524cab5fb68ffd1c7229890ad2,$pageview,synthetic-user-dp-04,synthetic-session-dp-04,2026-08-07T19:03:30+00:00,"{""$current_url"":""https://www.just-eat.co.uk/menu/green-pizza"",""$pathname"":""/menu/green-pizza""}",
d3930e9923c5513fa5b7d398d7e780ca,allergen_information_opened,synthetic-user-dp-04,synthetic-session-dp-04,2026-08-07T19:04:02+00:00,"{""allergen"":""peanuts""}",
b80ea67299785144be008ae23a5947e7,item_added,synthetic-user-dp-04,synthetic-session-dp-04,2026-08-07T19:04:35+00:00,"{""dietary_tag"":""vegan"",""item_type"":""pizza""}",
f98f64ed25db5e55b8954f55f9ac8ca1,$pageview,synthetic-user-dp-04,synthetic-session-dp-04,2026-08-07T19:04:50+00:00,"{""$current_url"":""https://www.just-eat.co.uk/checkout"",""$pathname"":""/checkout""}",
6dafa4a54a5c5daa8287bccb27952c72,$pageview,synthetic-user-dp-05,synthetic-session-dp-05,2026-08-08T19:00:00+00:00,"{""$current_url"":""https://www.just-eat.co.uk/"",""$pathname"":""/""}",
f82b1fb44b72531d90f414295ed9bf6d,postcode_submitted,synthetic-user-dp-05,synthetic-session-dp-05,2026-08-08T19:00:18+00:00,"{""postcode_area"":""urban""}",
07e21b406a3a5cc09d5f79a1ace6edcd,$pageview,synthetic-user-dp-05,synthetic-session-dp-05,2026-08-08T19:00:23+00:00,"{""$current_url"":""https://www.just-eat.co.uk/area/ec1a-1bb"",""$pathname"":""/area/ec1a-1bb""}",
248e898d7bd150faa319fb044e5b859e,dietary_filter_selected,synthetic-user-dp-05,synthetic-session-dp-05,2026-08-08T19:00:42+00:00,"{""filter_name"":""Vegan""}",
e39d3c005050580aa289f5e15713fdc1,restaurant_compared,synthetic-user-dp-05,synthetic-session-dp-05,2026-08-08T19:01:05+00:00,"{""comparison_count"":1}",
66e438dd40635d9abef4fe94a02e7384,$pageview,synthetic-user-dp-05,synthetic-session-dp-05,2026-08-08T19:01:26+00:00,"{""$current_url"":""https://www.just-eat.co.uk/menu/plant-kitchen"",""$pathname"":""/menu/plant-kitchen""}",
e3da8459033353248645e142ca021783,allergen_information_opened,synthetic-user-dp-05,synthetic-session-dp-05,2026-08-08T19:01:50+00:00,"{""allergen"":""peanuts""}",
b7ac999e66fc5507802ac6d6cd89a39e,menu_item_viewed,synthetic-user-dp-05,synthetic-session-dp-05,2026-08-08T19:02:25+00:00,"{""dietary_tag"":""vegan"",""item_type"":""pizza""}",
a10a620cb75e5d7b930f524b30dc08ec,restaurant_compared,synthetic-user-dp-05,synthetic-session-dp-05,2026-08-08T19:03:01+00:00,"{""comparison_count"":2}",
25485b6813b650b0aa226793593e11c2,$pageview,synthetic-user-dp-05,synthetic-session-dp-05,2026-08-08T19:03:30+00:00,"{""$current_url"":""https://www.just-eat.co.uk/menu/green-pizza"",""$pathname"":""/menu/green-pizza""}",
4c5cd8a1d6885a33b4a627eee4b2f52c,allergen_information_opened,synthetic-user-dp-05,synthetic-session-dp-05,2026-08-08T19:04:02+00:00,"{""allergen"":""peanuts""}",
5ae4f9b3187f57e7a6f1f93af79bff11,item_added,synthetic-user-dp-05,synthetic-session-dp-05,2026-08-08T19:04:35+00:00,"{""dietary_tag"":""vegan"",""item_type"":""pizza""}",
be63fca835cf5d1a88e2e396acaab256,$pageview,synthetic-user-dp-05,synthetic-session-dp-05,2026-08-08T19:04:50+00:00,"{""$current_url"":""https://www.just-eat.co.uk/checkout"",""$pathname"":""/checkout""}",
84bbe0de3303531581b0b7c4ec67a09b,$pageview,synthetic-user-dp-06,synthetic-session-dp-06,2026-08-09T19:00:00+00:00,"{""$current_url"":""https://www.just-eat.co.uk/"",""$pathname"":""/""}",
81d46570e7f05bc985515303e627f01d,postcode_submitted,synthetic-user-dp-06,synthetic-session-dp-06,2026-08-09T19:00:18+00:00,"{""postcode_area"":""urban""}",
8f1c7fc0a89b5adc88bb44f1a6f0768c,$pageview,synthetic-user-dp-06,synthetic-session-dp-06,2026-08-09T19:00:23+00:00,"{""$current_url"":""https://www.just-eat.co.uk/area/ec1a-1bb"",""$pathname"":""/area/ec1a-1bb""}",
457f0a6d301a5a50aae058f7caa8fb1c,dietary_filter_selected,synthetic-user-dp-06,synthetic-session-dp-06,2026-08-09T19:00:42+00:00,"{""filter_name"":""Vegan""}",
2ffea155e1aa512ebbe961a934655e30,restaurant_compared,synthetic-user-dp-06,synthetic-session-dp-06,2026-08-09T19:01:05+00:00,"{""comparison_count"":1}",
f33412d4be9650d58a022f634ac0171e,$pageview,synthetic-user-dp-06,synthetic-session-dp-06,2026-08-09T19:01:26+00:00,"{""$current_url"":""https://www.just-eat.co.uk/menu/plant-kitchen"",""$pathname"":""/menu/plant-kitchen""}",
c9d1215b21905e16806ef6d313d63303,allergen_information_opened,synthetic-user-dp-06,synthetic-session-dp-06,2026-08-09T19:01:50+00:00,"{""allergen"":""peanuts""}",
2ebfb244810b5c95af5cea70a9f2a070,menu_item_viewed,synthetic-user-dp-06,synthetic-session-dp-06,2026-08-09T19:02:25+00:00,"{""dietary_tag"":""vegan"",""item_type"":""pizza""}",
af1ed604b28b562bb6e066049b145485,restaurant_compared,synthetic-user-dp-06,synthetic-session-dp-06,2026-08-09T19:03:01+00:00,"{""comparison_count"":2}",
fb5a7153a9035b9d9d78c4a4e5f401d2,$pageview,synthetic-user-dp-06,synthetic-session-dp-06,2026-08-09T19:03:30+00:00,"{""$current_url"":""https://www.just-eat.co.uk/menu/green-pizza"",""$pathname"":""/menu/green-pizza""}",
08b079587a3f569f8a7de78942583057,allergen_information_opened,synthetic-user-dp-06,synthetic-session-dp-06,2026-08-09T19:04:02+00:00,"{""allergen"":""peanuts""}",
1bbfb5a72d4d52b2bb27734425d5511d,item_added,synthetic-user-dp-06,synthetic-session-dp-06,2026-08-09T19:04:35+00:00,"{""dietary_tag"":""vegan"",""item_type"":""pizza""}",
b7291c1b287f5bf697ed5079a6c71c0a,$pageview,synthetic-user-dp-06,synthetic-session-dp-06,2026-08-09T19:04:50+00:00,"{""$current_url"":""https://www.just-eat.co.uk/checkout"",""$pathname"":""/checkout""}",
161bd4d7338258c3875600d35a0a8036,$pageview,synthetic-user-dp-07,synthetic-session-dp-07,2026-08-10T19:00:00+00:00,"{""$current_url"":""https://www.just-eat.co.uk/"",""$pathname"":""/""}",
2a99efdcb782595b84094f63956b01b6,postcode_submitted,synthetic-user-dp-07,synthetic-session-dp-07,2026-08-10T19:00:18+00:00,"{""postcode_area"":""urban""}",
f75f920100865ca89a365f1750b0f4f8,$pageview,synthetic-user-dp-07,synthetic-session-dp-07,2026-08-10T19:00:23+00:00,"{""$current_url"":""https://www.just-eat.co.uk/area/ec1a-1bb"",""$pathname"":""/area/ec1a-1bb""}",
f8660ca6532657bebdba5a2cd7e0aa2f,dietary_filter_selected,synthetic-user-dp-07,synthetic-session-dp-07,2026-08-10T19:00:42+00:00,"{""filter_name"":""Vegan""}",
1c8f99e2fa3d5cf9b8ebf72a6c66b73c,restaurant_compared,synthetic-user-dp-07,synthetic-session-dp-07,2026-08-10T19:01:05+00:00,"{""comparison_count"":1}",
d5a8963b84065e18a015da716ecfd2e2,$pageview,synthetic-user-dp-07,synthetic-session-dp-07,2026-08-10T19:01:26+00:00,"{""$current_url"":""https://www.just-eat.co.uk/menu/plant-kitchen"",""$pathname"":""/menu/plant-kitchen""}",
e262452a7cd1586b8d2ba26acdc53c1a,allergen_information_opened,synthetic-user-dp-07,synthetic-session-dp-07,2026-08-10T19:01:50+00:00,"{""allergen"":""peanuts""}",
e86fda427a3e57359b406800bc0f7974,menu_item_viewed,synthetic-user-dp-07,synthetic-session-dp-07,2026-08-10T19:02:25+00:00,"{""dietary_tag"":""vegan"",""item_type"":""pizza""}",
70f5d447503c517a8534981e45b4a86b,restaurant_compared,synthetic-user-dp-07,synthetic-session-dp-07,2026-08-10T19:03:01+00:00,"{""comparison_count"":2}",
ff2e33f9b5645028933390f83ec4c9ee,$pageview,synthetic-user-dp-07,synthetic-session-dp-07,2026-08-10T19:03:30+00:00,"{""$current_url"":""https://www.just-eat.co.uk/menu/green-pizza"",""$pathname"":""/menu/green-pizza""}",
fe892b3df916588b9add9d741f04d231,allergen_information_opened,synthetic-user-dp-07,synthetic-session-dp-07,2026-08-10T19:04:02+00:00,"{""allergen"":""peanuts""}",
2bf3ca4424d95f45bbd238f088430839,item_added,synthetic-user-dp-07,synthetic-session-dp-07,2026-08-10T19:04:35+00:00,"{""dietary_tag"":""vegan"",""item_type"":""pizza""}",
0596a2e57d905d9d8d09ca66b4a7c7dc,$pageview,synthetic-user-dp-07,synthetic-session-dp-07,2026-08-10T19:04:50+00:00,"{""$current_url"":""https://www.just-eat.co.uk/checkout"",""$pathname"":""/checkout""}",
286ccba7c4ec5fd2b8461b210a647562,$pageview,synthetic-user-dp-08,synthetic-session-dp-08,2026-08-11T19:00:00+00:00,"{""$current_url"":""https://www.just-eat.co.uk/"",""$pathname"":""/""}",
d93365f6ad13599cb8347a9e4a3750c7,postcode_submitted,synthetic-user-dp-08,synthetic-session-dp-08,2026-08-11T19:00:18+00:00,"{""postcode_area"":""urban""}",
f801e205047356d5af0a3fb2d5fed0e4,$pageview,synthetic-user-dp-08,synthetic-session-dp-08,2026-08-11T19:00:23+00:00,"{""$current_url"":""https://www.just-eat.co.uk/area/ec1a-1bb"",""$pathname"":""/area/ec1a-1bb""}",
30fe94ebd28d590a8ec7f7e4165e803f,dietary_filter_selected,synthetic-user-dp-08,synthetic-session-dp-08,2026-08-11T19:00:42+00:00,"{""filter_name"":""Vegan""}",
b4673ab760fe52a6a8801ab41043e092,restaurant_compared,synthetic-user-dp-08,synthetic-session-dp-08,2026-08-11T19:01:05+00:00,"{""comparison_count"":1}",
11aca677e33f50e0807c23373d8da4f4,$pageview,synthetic-user-dp-08,synthetic-session-dp-08,2026-08-11T19:01:26+00:00,"{""$current_url"":""https://www.just-eat.co.uk/menu/plant-kitchen"",""$pathname"":""/menu/plant-kitchen""}",
858d9995c9725f01a7c043494fd330a8,allergen_information_opened,synthetic-user-dp-08,synthetic-session-dp-08,2026-08-11T19:01:50+00:00,"{""allergen"":""peanuts""}",
3f7e20517e5a5de0b771274d67522ff7,menu_item_viewed,synthetic-user-dp-08,synthetic-session-dp-08,2026-08-11T19:02:25+00:00,"{""dietary_tag"":""vegan"",""item_type"":""pizza""}",
8f8503187f825dddb22973b10fb61367,restaurant_compared,synthetic-user-dp-08,synthetic-session-dp-08,2026-08-11T19:03:01+00:00,"{""comparison_count"":2}",
b96c57b9aa845ed386296df1b1c74e9e,$pageview,synthetic-user-dp-08,synthetic-session-dp-08,2026-08-11T19:03:30+00:00,"{""$current_url"":""https://www.just-eat.co.uk/menu/green-pizza"",""$pathname"":""/menu/green-pizza""}",
09f082418e3f58edaa296e0104d91e54,allergen_information_opened,synthetic-user-dp-08,synthetic-session-dp-08,2026-08-11T19:04:02+00:00,"{""allergen"":""peanuts""}",
846d7657d23d584683b34a889a87e3ae,item_added,synthetic-user-dp-08,synthetic-session-dp-08,2026-08-11T19:04:35+00:00,"{""dietary_tag"":""vegan"",""item_type"":""pizza""}",
d548558652c75132bd7c6c2541778786,$pageview,synthetic-user-dp-08,synthetic-session-dp-08,2026-08-11T19:04:50+00:00,"{""$current_url"":""https://www.just-eat.co.uk/checkout"",""$pathname"":""/checkout""}",
d8dda609a8a65c3891b56d43a0186eae,$pageview,synthetic-user-dp-09,synthetic-session-dp-09,2026-08-12T19:00:00+00:00,"{""$current_url"":""https://www.just-eat.co.uk/"",""$pathname"":""/""}",
198f6c9247d45c7182089460be3a4a90,postcode_submitted,synthetic-user-dp-09,synthetic-session-dp-09,2026-08-12T19:00:18+00:00,"{""postcode_area"":""urban""}",
79e6137befd6573192ab99053e50c75b,$pageview,synthetic-user-dp-09,synthetic-session-dp-09,2026-08-12T19:00:23+00:00,"{""$current_url"":""https://www.just-eat.co.uk/area/ec1a-1bb"",""$pathname"":""/area/ec1a-1bb""}",
1b7bc4ec2460567abf7dcf5b471b107d,dietary_filter_selected,synthetic-user-dp-09,synthetic-session-dp-09,2026-08-12T19:00:42+00:00,"{""filter_name"":""Vegan""}",
7c529ac7fde450f49aa3cbb091f3b6ba,restaurant_compared,synthetic-user-dp-09,synthetic-session-dp-09,2026-08-12T19:01:05+00:00,"{""comparison_count"":1}",
f9db8230b4b158c18dc502fa265a3cfb,$pageview,synthetic-user-dp-09,synthetic-session-dp-09,2026-08-12T19:01:26+00:00,"{""$current_url"":""https://www.just-eat.co.uk/menu/plant-kitchen"",""$pathname"":""/menu/plant-kitchen""}",
14942f24e35d53a7bd677d0eee0870cf,allergen_information_opened,synthetic-user-dp-09,synthetic-session-dp-09,2026-08-12T19:01:50+00:00,"{""allergen"":""peanuts""}",
afbd04c892555a70b0cda4cdee1b103e,menu_item_viewed,synthetic-user-dp-09,synthetic-session-dp-09,2026-08-12T19:02:25+00:00,"{""dietary_tag"":""vegan"",""item_type"":""pizza""}",
f58b4b68502255e3b6d7a5e7e1f54080,restaurant_compared,synthetic-user-dp-09,synthetic-session-dp-09,2026-08-12T19:03:01+00:00,"{""comparison_count"":2}",
c95a192d5c8750959c565390abd66a1b,$pageview,synthetic-user-dp-09,synthetic-session-dp-09,2026-08-12T19:03:30+00:00,"{""$current_url"":""https://www.just-eat.co.uk/menu/green-pizza"",""$pathname"":""/menu/green-pizza""}",
b9aac9bc6c7d555faa023b91fd30a164,allergen_information_opened,synthetic-user-dp-09,synthetic-session-dp-09,2026-08-12T19:04:02+00:00,"{""allergen"":""peanuts""}",
d9468fb9229d5f32bac8f9e39dd57ad1,item_added,synthetic-user-dp-09,synthetic-session-dp-09,2026-08-12T19:04:35+00:00,"{""dietary_tag"":""vegan"",""item_type"":""pizza""}",
9652fdac0575564b8c778fba06a30afa,$pageview,synthetic-user-dp-09,synthetic-session-dp-09,2026-08-12T19:04:50+00:00,"{""$current_url"":""https://www.just-eat.co.uk/checkout"",""$pathname"":""/checkout""}",
ef43b7cdfa5f58dda4aabdc2985cfe2b,$pageview,synthetic-user-dp-10,synthetic-session-dp-10,2026-08-13T19:00:00+00:00,"{""$current_url"":""https://www.just-eat.co.uk/"",""$pathname"":""/""}",
2b2871745c1155a0b5a5e8655f675d0c,postcode_submitted,synthetic-user-dp-10,synthetic-session-dp-10,2026-08-13T19:00:18+00:00,"{""postcode_area"":""urban""}",
0c756686fd0956a6b6cba8a83db73b42,$pageview,synthetic-user-dp-10,synthetic-session-dp-10,2026-08-13T19:00:23+00:00,"{""$current_url"":""https://www.just-eat.co.uk/area/ec1a-1bb"",""$pathname"":""/area/ec1a-1bb""}",
813bf0845189579d9ceb3d2504e37940,dietary_filter_selected,synthetic-user-dp-10,synthetic-session-dp-10,2026-08-13T19:00:42+00:00,"{""filter_name"":""Vegan""}",
7b73aaead0bc59efbc92088b1c38902a,restaurant_compared,synthetic-user-dp-10,synthetic-session-dp-10,2026-08-13T19:01:05+00:00,"{""comparison_count"":1}",
bb62246864c85ee6b28bd737ea92cc57,$pageview,synthetic-user-dp-10,synthetic-session-dp-10,2026-08-13T19:01:26+00:00,"{""$current_url"":""https://www.just-eat.co.uk/menu/plant-kitchen"",""$pathname"":""/menu/plant-kitchen""}",
60d16fe1917e5884b2504634e99182ae,allergen_information_opened,synthetic-user-dp-10,synthetic-session-dp-10,2026-08-13T19:01:50+00:00,"{""allergen"":""peanuts""}",
a6a3b3d131ff5996b1feedff6bd2ebaf,menu_item_viewed,synthetic-user-dp-10,synthetic-session-dp-10,2026-08-13T19:02:25+00:00,"{""dietary_tag"":""vegan"",""item_type"":""pizza""}",
2f71a376f06d5f80b782d0675f1f91de,restaurant_compared,synthetic-user-dp-10,synthetic-session-dp-10,2026-08-13T19:03:01+00:00,"{""comparison_count"":2}",
e15b1419fe1c57d6937edc44c84883fc,$pageview,synthetic-user-dp-10,synthetic-session-dp-10,2026-08-13T19:03:30+00:00,"{""$current_url"":""https://www.just-eat.co.uk/menu/green-pizza"",""$pathname"":""/menu/green-pizza""}",
d20c16edb82f5aa296f503a995487bd8,allergen_information_opened,synthetic-user-dp-10,synthetic-session-dp-10,2026-08-13T19:04:02+00:00,"{""allergen"":""peanuts""}",
341dc16ffdc657f79437cc456c24c831,item_added,synthetic-user-dp-10,synthetic-session-dp-10,2026-08-13T19:04:35+00:00,"{""dietary_tag"":""vegan"",""item_type"":""pizza""}",
4d3cb5ff5c6251d88383a51aa660cfc8,$pageview,synthetic-user-dp-10,synthetic-session-dp-10,2026-08-13T19:04:50+00:00,"{""$current_url"":""https://www.just-eat.co.uk/checkout"",""$pathname"":""/checkout""}",
28a6716643a258afacf1afb772f9770f,$pageview,synthetic-user-dp-11,synthetic-session-dp-11,2026-08-14T19:00:00+00:00,"{""$current_url"":""https://www.just-eat.co.uk/"",""$pathname"":""/""}",
6926a11c1e655b67bb8e849c914bc45f,postcode_submitted,synthetic-user-dp-11,synthetic-session-dp-11,2026-08-14T19:00:18+00:00,"{""postcode_area"":""urban""}",
4657c38aa9d75cf88174955801b79a14,$pageview,synthetic-user-dp-11,synthetic-session-dp-11,2026-08-14T19:00:23+00:00,"{""$current_url"":""https://www.just-eat.co.uk/area/ec1a-1bb"",""$pathname"":""/area/ec1a-1bb""}",
73db14bc9136571290c5e34bd67bfb33,dietary_filter_selected,synthetic-user-dp-11,synthetic-session-dp-11,2026-08-14T19:00:42+00:00,"{""filter_name"":""Vegan""}",
f0455e7a1ce05297a5836141bc9803cf,restaurant_compared,synthetic-user-dp-11,synthetic-session-dp-11,2026-08-14T19:01:05+00:00,"{""comparison_count"":1}",
45fce7fb4bc056d6a72a8c7fe06861b5,$pageview,synthetic-user-dp-11,synthetic-session-dp-11,2026-08-14T19:01:26+00:00,"{""$current_url"":""https://www.just-eat.co.uk/menu/plant-kitchen"",""$pathname"":""/menu/plant-kitchen""}",
cb5569fd002254d88ff30da854f5622a,allergen_information_opened,synthetic-user-dp-11,synthetic-session-dp-11,2026-08-14T19:01:50+00:00,"{""allergen"":""peanuts""}",
e19492bd6da65c26b899070951fb9c91,menu_item_viewed,synthetic-user-dp-11,synthetic-session-dp-11,2026-08-14T19:02:25+00:00,"{""dietary_tag"":""vegan"",""item_type"":""pizza""}",
943dca29d81a5c8c87f574eb64974f35,restaurant_compared,synthetic-user-dp-11,synthetic-session-dp-11,2026-08-14T19:03:01+00:00,"{""comparison_count"":2}",
6b3cc68fe86d5cdab98698019404f3a2,$pageview,synthetic-user-dp-11,synthetic-session-dp-11,2026-08-14T19:03:30+00:00,"{""$current_url"":""https://www.just-eat.co.uk/menu/green-pizza"",""$pathname"":""/menu/green-pizza""}",
e44797cea2745cbb9e6f1930de52b71f,allergen_information_opened,synthetic-user-dp-11,synthetic-session-dp-11,2026-08-14T19:04:02+00:00,"{""allergen"":""peanuts""}",
b7db193c67eb5246899d54058ff05cf0,item_added,synthetic-user-dp-11,synthetic-session-dp-11,2026-08-14T19:04:35+00:00,"{""dietary_tag"":""vegan"",""item_type"":""pizza""}",
a56634b7e3ec5addb0a67c84cbd6562c,$pageview,synthetic-user-dp-11,synthetic-session-dp-11,2026-08-14T19:04:50+00:00,"{""$current_url"":""https://www.just-eat.co.uk/checkout"",""$pathname"":""/checkout""}",
d1cf6bf78b1a5997859b86648c0dfe7a,$pageview,synthetic-user-dp-12,synthetic-session-dp-12,2026-08-15T19:00:00+00:00,"{""$current_url"":""https://www.just-eat.co.uk/"",""$pathname"":""/""}",
37e3475a1ec254b78b9c8e6f19ffc390,postcode_submitted,synthetic-user-dp-12,synthetic-session-dp-12,2026-08-15T19:00:18+00:00,"{""postcode_area"":""urban""}",
191f5f7f7b615124876081c8c3e5ea58,$pageview,synthetic-user-dp-12,synthetic-session-dp-12,2026-08-15T19:00:23+00:00,"{""$current_url"":""https://www.just-eat.co.uk/area/ec1a-1bb"",""$pathname"":""/area/ec1a-1bb""}",
2bf342ef87735f879f4abf835aaac60d,dietary_filter_selected,synthetic-user-dp-12,synthetic-session-dp-12,2026-08-15T19:00:42+00:00,"{""filter_name"":""Vegan""}",
d970a316ea17510f98cba3b3061b3221,restaurant_compared,synthetic-user-dp-12,synthetic-session-dp-12,2026-08-15T19:01:05+00:00,"{""comparison_count"":1}",
67f1f83bb8c75d96adc132a754c71650,$pageview,synthetic-user-dp-12,synthetic-session-dp-12,2026-08-15T19:01:26+00:00,"{""$current_url"":""https://www.just-eat.co.uk/menu/plant-kitchen"",""$pathname"":""/menu/plant-kitchen""}",
e51ccb0c69755c8396ba256044cb933c,allergen_information_opened,synthetic-user-dp-12,synthetic-session-dp-12,2026-08-15T19:01:50+00:00,"{""allergen"":""peanuts""}",
c5b9c36123fc535583d7fa7678c7364b,menu_item_viewed,synthetic-user-dp-12,synthetic-session-dp-12,2026-08-15T19:02:25+00:00,"{""dietary_tag"":""vegan"",""item_type"":""pizza""}",
d7211f1314f154f6ade357913548a453,restaurant_compared,synthetic-user-dp-12,synthetic-session-dp-12,2026-08-15T19:03:01+00:00,"{""comparison_count"":2}",
c2aa50a8bd935208a74ea1b0e50aa739,$pageview,synthetic-user-dp-12,synthetic-session-dp-12,2026-08-15T19:03:30+00:00,"{""$current_url"":""https://www.just-eat.co.uk/menu/green-pizza"",""$pathname"":""/menu/green-pizza""}",
d1369b5f196b59ef85a789bcb0c088a7,allergen_information_opened,synthetic-user-dp-12,synthetic-session-dp-12,2026-08-15T19:04:02+00:00,"{""allergen"":""peanuts""}",
f7ee3cd3a29d57d39032f388ba7c8caf,item_added,synthetic-user-dp-12,synthetic-session-dp-12,2026-08-15T19:04:35+00:00,"{""dietary_tag"":""vegan"",""item_type"":""pizza""}",
c55128156fe05ab193166e369171a256,$pageview,synthetic-user-dp-12,synthetic-session-dp-12,2026-08-15T19:04:50+00:00,"{""$current_url"":""https://www.just-eat.co.uk/checkout"",""$pathname"":""/checkout""}",
4d6061f5deef5c0ab3d0450e751f298d,$pageview,synthetic-user-ls-01,synthetic-session-ls-01,2026-08-04T21:00:00+00:00,"{""$current_url"":""https://www.just-eat.co.uk/"",""$pathname"":""/""}",
836f3aed984150bda9d2ef52087f5c1c,postcode_submitted,synthetic-user-ls-01,synthetic-session-ls-01,2026-08-04T21:00:14+00:00,"{""postcode_area"":""remote""}",
91c95c8f85c450c49bcd9d27eaee3167,$pageview,synthetic-user-ls-01,synthetic-session-ls-01,2026-08-04T21:00:18+00:00,"{""$current_url"":""https://www.just-eat.co.uk/area/hs9-5xd"",""$pathname"":""/area/hs9-5xd""}",
1fdedb917e725fa3875841be95f294a5,search_results_loaded,synthetic-user-ls-01,synthetic-session-ls-01,2026-08-04T21:00:22+00:00,"{""result_count"":0}",
6fe8141212ee5cd099aaa7840fa1a119,$autocapture,synthetic-user-ls-01,synthetic-session-ls-01,2026-08-04T21:00:35+00:00,{},"button;text=""Change location"""
fc767bc8c8e55c15a9934880e0dd9e82,postcode_submitted,synthetic-user-ls-01,synthetic-session-ls-01,2026-08-04T21:00:48+00:00,"{""postcode_area"":""remote_retry""}",
b9c3e833fbba547bb40e72d4f80cb9be,search_results_loaded,synthetic-user-ls-01,synthetic-session-ls-01,2026-08-04T21:00:54+00:00,"{""result_count"":0}",
31788747114954b6935448102489e665,$autocapture,synthetic-user-ls-01,synthetic-session-ls-01,2026-08-04T21:01:14+00:00,{},"button;text=""Collection"""
f802537dbe5751beb378fe292a9a791d,service_mode_changed,synthetic-user-ls-01,synthetic-session-ls-01,2026-08-04T21:01:20+00:00,"{""mode"":""collection""}",
e17dc84d7e465db7b2396ac9dac6314d,search_results_loaded,synthetic-user-ls-01,synthetic-session-ls-01,2026-08-04T21:01:28+00:00,"{""result_count"":0}",
c0c7f0a02ba85966975a576ba8147bcd,session_abandoned,synthetic-user-ls-01,synthetic-session-ls-01,2026-08-04T21:01:45+00:00,"{""reason"":""no_restaurants""}",
c66713f750395dc6a321866305712ed9,$pageview,synthetic-user-ls-02,synthetic-session-ls-02,2026-08-05T21:00:00+00:00,"{""$current_url"":""https://www.just-eat.co.uk/"",""$pathname"":""/""}",
264a6a6357d955d1b38f3af8b07149e7,postcode_submitted,synthetic-user-ls-02,synthetic-session-ls-02,2026-08-05T21:00:14+00:00,"{""postcode_area"":""remote""}",
beaa74dcc74158caba7f1925690d4f68,$pageview,synthetic-user-ls-02,synthetic-session-ls-02,2026-08-05T21:00:18+00:00,"{""$current_url"":""https://www.just-eat.co.uk/area/hs9-5xd"",""$pathname"":""/area/hs9-5xd""}",
57dcbb2b443a563481b3f16b0efbf489,search_results_loaded,synthetic-user-ls-02,synthetic-session-ls-02,2026-08-05T21:00:22+00:00,"{""result_count"":0}",
61af7cdf65a052779f30d32f207c483a,$autocapture,synthetic-user-ls-02,synthetic-session-ls-02,2026-08-05T21:00:35+00:00,{},"button;text=""Change location"""
8f1f9ab0f82853068a7e0ac6c9ea8f10,postcode_submitted,synthetic-user-ls-02,synthetic-session-ls-02,2026-08-05T21:00:48+00:00,"{""postcode_area"":""remote_retry""}",
570771ff56265fed8b496ca4fd98d765,search_results_loaded,synthetic-user-ls-02,synthetic-session-ls-02,2026-08-05T21:00:54+00:00,"{""result_count"":0}",
005f5dfb7c9e585fa1a194c69702aa2a,$rageclick,synthetic-user-ls-02,synthetic-session-ls-02,2026-08-05T21:01:10+00:00,"{""$rageclick_url"":""/area/hs9-5xd""}",
2a112028f39e59b38f01870f5a35a021,session_abandoned,synthetic-user-ls-02,synthetic-session-ls-02,2026-08-05T21:01:16+00:00,"{""reason"":""no_restaurants""}",
2745ce89d129533c92cd61fe1428cc53,$pageview,synthetic-user-ls-03,synthetic-session-ls-03,2026-08-06T21:00:00+00:00,"{""$current_url"":""https://www.just-eat.co.uk/"",""$pathname"":""/""}",
63a96a64caaf50b3b8eec9781b0cde12,postcode_submitted,synthetic-user-ls-03,synthetic-session-ls-03,2026-08-06T21:00:14+00:00,"{""postcode_area"":""remote""}",
8c94fcc02ab851d28e3e935047ead6be,$pageview,synthetic-user-ls-03,synthetic-session-ls-03,2026-08-06T21:00:18+00:00,"{""$current_url"":""https://www.just-eat.co.uk/area/hs9-5xd"",""$pathname"":""/area/hs9-5xd""}",
f31657ac6c0950bb8ad975d57d1c102f,search_results_loaded,synthetic-user-ls-03,synthetic-session-ls-03,2026-08-06T21:00:22+00:00,"{""result_count"":0}",
2f6b41b8bdc751f899d6e0dc75bb1909,$autocapture,synthetic-user-ls-03,synthetic-session-ls-03,2026-08-06T21:00:35+00:00,{},"button;text=""Change location"""
5ab91d9db091514b94086aa6b15b1148,postcode_submitted,synthetic-user-ls-03,synthetic-session-ls-03,2026-08-06T21:00:48+00:00,"{""postcode_area"":""remote_retry""}",
b1ee4e1d0808586c9f1c0888f5dbd8b7,search_results_loaded,synthetic-user-ls-03,synthetic-session-ls-03,2026-08-06T21:00:54+00:00,"{""result_count"":0}",
2828dff92e435e0f88e98125c781af9a,$autocapture,synthetic-user-ls-03,synthetic-session-ls-03,2026-08-06T21:01:14+00:00,{},"button;text=""Collection"""
bb07613f12b458a1a1650ba610e2abed,service_mode_changed,synthetic-user-ls-03,synthetic-session-ls-03,2026-08-06T21:01:20+00:00,"{""mode"":""collection""}",
3fdef75701055c07b225bdd95b6e1764,search_results_loaded,synthetic-user-ls-03,synthetic-session-ls-03,2026-08-06T21:01:28+00:00,"{""result_count"":0}",
5d8797db62535be9b9ab02ab6433406d,session_abandoned,synthetic-user-ls-03,synthetic-session-ls-03,2026-08-06T21:01:45+00:00,"{""reason"":""no_restaurants""}",
879214f66aa550f68be6ddbe5eb7703b,$pageview,synthetic-user-ls-04,synthetic-session-ls-04,2026-08-07T21:00:00+00:00,"{""$current_url"":""https://www.just-eat.co.uk/"",""$pathname"":""/""}",
b11e174bafcc5362b29963bce0ae2665,postcode_submitted,synthetic-user-ls-04,synthetic-session-ls-04,2026-08-07T21:00:14+00:00,"{""postcode_area"":""remote""}",
306fad1fe20d56d5a84418e19e0a2b4e,$pageview,synthetic-user-ls-04,synthetic-session-ls-04,2026-08-07T21:00:18+00:00,"{""$current_url"":""https://www.just-eat.co.uk/area/hs9-5xd"",""$pathname"":""/area/hs9-5xd""}",
b14639173fe0525a9703f968d9c92e65,search_results_loaded,synthetic-user-ls-04,synthetic-session-ls-04,2026-08-07T21:00:22+00:00,"{""result_count"":0}",
169e82ffcde759059f754f4be5dde10a,$autocapture,synthetic-user-ls-04,synthetic-session-ls-04,2026-08-07T21:00:35+00:00,{},"button;text=""Change location"""
31b0e4f157e55eb49c5884e87c785b12,postcode_submitted,synthetic-user-ls-04,synthetic-session-ls-04,2026-08-07T21:00:48+00:00,"{""postcode_area"":""remote_retry""}",
6ce98376274a52d097811a1b6bb9a354,search_results_loaded,synthetic-user-ls-04,synthetic-session-ls-04,2026-08-07T21:00:54+00:00,"{""result_count"":0}",
ff121d93826d57b7a8d3d34f5dcb2437,$rageclick,synthetic-user-ls-04,synthetic-session-ls-04,2026-08-07T21:01:10+00:00,"{""$rageclick_url"":""/area/hs9-5xd""}",
67fb6b14d3a855449cd41addbcc06652,session_abandoned,synthetic-user-ls-04,synthetic-session-ls-04,2026-08-07T21:01:16+00:00,"{""reason"":""no_restaurants""}",
df699ac2a4155d37a3fb0711622011a9,$pageview,synthetic-user-ls-05,synthetic-session-ls-05,2026-08-08T21:00:00+00:00,"{""$current_url"":""https://www.just-eat.co.uk/"",""$pathname"":""/""}",
13bb113ed25158c29338f49279e8fe73,postcode_submitted,synthetic-user-ls-05,synthetic-session-ls-05,2026-08-08T21:00:14+00:00,"{""postcode_area"":""remote""}",
37ab6b8935dd5edb927f76d61a65a42f,$pageview,synthetic-user-ls-05,synthetic-session-ls-05,2026-08-08T21:00:18+00:00,"{""$current_url"":""https://www.just-eat.co.uk/area/hs9-5xd"",""$pathname"":""/area/hs9-5xd""}",
adf1896315485f28b7f9fb212f3d82c2,search_results_loaded,synthetic-user-ls-05,synthetic-session-ls-05,2026-08-08T21:00:22+00:00,"{""result_count"":0}",
8633161064fe51569acd75c80b51f3a0,$autocapture,synthetic-user-ls-05,synthetic-session-ls-05,2026-08-08T21:00:35+00:00,{},"button;text=""Change location"""
4cf7886d4c2258cb80af18e8fb91c9e1,postcode_submitted,synthetic-user-ls-05,synthetic-session-ls-05,2026-08-08T21:00:48+00:00,"{""postcode_area"":""remote_retry""}",
204c3819bdd353ff8c1fa65429d31fce,search_results_loaded,synthetic-user-ls-05,synthetic-session-ls-05,2026-08-08T21:00:54+00:00,"{""result_count"":0}",
7a14b40630715cb68795d0e53a1ec02e,$autocapture,synthetic-user-ls-05,synthetic-session-ls-05,2026-08-08T21:01:14+00:00,{},"button;text=""Collection"""
8d16e10fdd2f5463b6315e9e9e9452bc,service_mode_changed,synthetic-user-ls-05,synthetic-session-ls-05,2026-08-08T21:01:20+00:00,"{""mode"":""collection""}",
7991fa0572d651e4b38611134c1b0ac2,search_results_loaded,synthetic-user-ls-05,synthetic-session-ls-05,2026-08-08T21:01:28+00:00,"{""result_count"":0}",
491d58ef5a9658c385c86d21870c1895,session_abandoned,synthetic-user-ls-05,synthetic-session-ls-05,2026-08-08T21:01:45+00:00,"{""reason"":""no_restaurants""}",
b8aa93050eaa5cbfa6073a93dfa04c11,$pageview,synthetic-user-ls-06,synthetic-session-ls-06,2026-08-09T21:00:00+00:00,"{""$current_url"":""https://www.just-eat.co.uk/"",""$pathname"":""/""}",
2dd39b9d24af52cd84ffd05c73058970,postcode_submitted,synthetic-user-ls-06,synthetic-session-ls-06,2026-08-09T21:00:14+00:00,"{""postcode_area"":""remote""}",
898701a7bbae5427914bdc884e70aa2a,$pageview,synthetic-user-ls-06,synthetic-session-ls-06,2026-08-09T21:00:18+00:00,"{""$current_url"":""https://www.just-eat.co.uk/area/hs9-5xd"",""$pathname"":""/area/hs9-5xd""}",
3cb0a4518cf25128a80914577d6fef78,search_results_loaded,synthetic-user-ls-06,synthetic-session-ls-06,2026-08-09T21:00:22+00:00,"{""result_count"":0}",
096b4e5b90de5d5f9e174bb72de852c6,$autocapture,synthetic-user-ls-06,synthetic-session-ls-06,2026-08-09T21:00:35+00:00,{},"button;text=""Change location"""
cccc7748d2e054a7ab3c3fc18b1f81d9,postcode_submitted,synthetic-user-ls-06,synthetic-session-ls-06,2026-08-09T21:00:48+00:00,"{""postcode_area"":""remote_retry""}",
3bbf4db14e1a567dba212e980519dd63,search_results_loaded,synthetic-user-ls-06,synthetic-session-ls-06,2026-08-09T21:00:54+00:00,"{""result_count"":0}",
40d6579368825a44969ad4b3b09e19e6,$rageclick,synthetic-user-ls-06,synthetic-session-ls-06,2026-08-09T21:01:10+00:00,"{""$rageclick_url"":""/area/hs9-5xd""}",
ff07b6403b3f5ee3a8ca2034ff5cd250,session_abandoned,synthetic-user-ls-06,synthetic-session-ls-06,2026-08-09T21:01:16+00:00,"{""reason"":""no_restaurants""}",
1f54b3a694475aa19cd3948ff8e8d4fc,$pageview,synthetic-user-ls-07,synthetic-session-ls-07,2026-08-10T21:00:00+00:00,"{""$current_url"":""https://www.just-eat.co.uk/"",""$pathname"":""/""}",
ed8889ae3145541dab614eb684731cf2,postcode_submitted,synthetic-user-ls-07,synthetic-session-ls-07,2026-08-10T21:00:14+00:00,"{""postcode_area"":""remote""}",
2b753a4cf38c520488fef4daeb01cee1,$pageview,synthetic-user-ls-07,synthetic-session-ls-07,2026-08-10T21:00:18+00:00,"{""$current_url"":""https://www.just-eat.co.uk/area/hs9-5xd"",""$pathname"":""/area/hs9-5xd""}",
6d01472eb1705549bf6156d493464e10,search_results_loaded,synthetic-user-ls-07,synthetic-session-ls-07,2026-08-10T21:00:22+00:00,"{""result_count"":0}",
8730579490975d16b09c0bc3b900816d,$autocapture,synthetic-user-ls-07,synthetic-session-ls-07,2026-08-10T21:00:35+00:00,{},"button;text=""Change location"""
352b1b210f2e50e58eae571a33cc27b7,postcode_submitted,synthetic-user-ls-07,synthetic-session-ls-07,2026-08-10T21:00:48+00:00,"{""postcode_area"":""remote_retry""}",
21a2b4cc34175bb1a78b951ed9a0e6f2,search_results_loaded,synthetic-user-ls-07,synthetic-session-ls-07,2026-08-10T21:00:54+00:00,"{""result_count"":0}",
bc2db04d5e875859ba0d4e362fb121db,$autocapture,synthetic-user-ls-07,synthetic-session-ls-07,2026-08-10T21:01:14+00:00,{},"button;text=""Collection"""
35d6e81e31dd5b10ab70f4bdc1e4f4a5,service_mode_changed,synthetic-user-ls-07,synthetic-session-ls-07,2026-08-10T21:01:20+00:00,"{""mode"":""collection""}",
5cbe52b97fd05701a19fe5d26cc5c82c,search_results_loaded,synthetic-user-ls-07,synthetic-session-ls-07,2026-08-10T21:01:28+00:00,"{""result_count"":0}",
dd671acedaa35e4eb49873f6d4c9c45e,session_abandoned,synthetic-user-ls-07,synthetic-session-ls-07,2026-08-10T21:01:45+00:00,"{""reason"":""no_restaurants""}",
ff71da28fe3a5bc5b03e62698aeab06c,$pageview,synthetic-user-ls-08,synthetic-session-ls-08,2026-08-11T21:00:00+00:00,"{""$current_url"":""https://www.just-eat.co.uk/"",""$pathname"":""/""}",
e46b3acfda2858f4891676a8a807f5f1,postcode_submitted,synthetic-user-ls-08,synthetic-session-ls-08,2026-08-11T21:00:14+00:00,"{""postcode_area"":""remote""}",
0a2c7c8be6e652a8aca1d161acf8b3fa,$pageview,synthetic-user-ls-08,synthetic-session-ls-08,2026-08-11T21:00:18+00:00,"{""$current_url"":""https://www.just-eat.co.uk/area/hs9-5xd"",""$pathname"":""/area/hs9-5xd""}",
490e6575460e51fc9b8e338ea53db5f1,search_results_loaded,synthetic-user-ls-08,synthetic-session-ls-08,2026-08-11T21:00:22+00:00,"{""result_count"":0}",
5b1719d23b7e5571a224a93615cacd90,$autocapture,synthetic-user-ls-08,synthetic-session-ls-08,2026-08-11T21:00:35+00:00,{},"button;text=""Change location"""
96be5a9d87e557f5b12d7d330ae8398a,postcode_submitted,synthetic-user-ls-08,synthetic-session-ls-08,2026-08-11T21:00:48+00:00,"{""postcode_area"":""remote_retry""}",
3760b54a0a5b59e8a5e1320041403375,search_results_loaded,synthetic-user-ls-08,synthetic-session-ls-08,2026-08-11T21:00:54+00:00,"{""result_count"":0}",
16b8e1eebd12599da1805bb009c176ad,$rageclick,synthetic-user-ls-08,synthetic-session-ls-08,2026-08-11T21:01:10+00:00,"{""$rageclick_url"":""/area/hs9-5xd""}",
cd8128b8947f5d6187b60866253c0a1f,session_abandoned,synthetic-user-ls-08,synthetic-session-ls-08,2026-08-11T21:01:16+00:00,"{""reason"":""no_restaurants""}",
371457e45bca5b4cb6708d768c76e6ff,$pageview,synthetic-user-ls-09,synthetic-session-ls-09,2026-08-12T21:00:00+00:00,"{""$current_url"":""https://www.just-eat.co.uk/"",""$pathname"":""/""}",
9adc572f97bd552c830268685ba35041,postcode_submitted,synthetic-user-ls-09,synthetic-session-ls-09,2026-08-12T21:00:14+00:00,"{""postcode_area"":""remote""}",
282703ec9f76530784a9d052466a80ee,$pageview,synthetic-user-ls-09,synthetic-session-ls-09,2026-08-12T21:00:18+00:00,"{""$current_url"":""https://www.just-eat.co.uk/area/hs9-5xd"",""$pathname"":""/area/hs9-5xd""}",
b25d643749c15e2caca3f9fe04aca24b,search_results_loaded,synthetic-user-ls-09,synthetic-session-ls-09,2026-08-12T21:00:22+00:00,"{""result_count"":0}",
6661db00e794546b99c6aa6b58dae38a,$autocapture,synthetic-user-ls-09,synthetic-session-ls-09,2026-08-12T21:00:35+00:00,{},"button;text=""Change location"""
02f8c7906b5a535d9927ffb779e4635c,postcode_submitted,synthetic-user-ls-09,synthetic-session-ls-09,2026-08-12T21:00:48+00:00,"{""postcode_area"":""remote_retry""}",
b0a7d8536def50199c91ec3178f02808,search_results_loaded,synthetic-user-ls-09,synthetic-session-ls-09,2026-08-12T21:00:54+00:00,"{""result_count"":0}",
0b6a5cfb7a4d5bf1a1ab0d075d52aedb,$autocapture,synthetic-user-ls-09,synthetic-session-ls-09,2026-08-12T21:01:14+00:00,{},"button;text=""Collection"""
35495539ec685a4dbc74312c8e875f7c,service_mode_changed,synthetic-user-ls-09,synthetic-session-ls-09,2026-08-12T21:01:20+00:00,"{""mode"":""collection""}",
e46e18d2216b55faaa4b7825bf2ff1d2,search_results_loaded,synthetic-user-ls-09,synthetic-session-ls-09,2026-08-12T21:01:28+00:00,"{""result_count"":0}",
0c65d823f9145fd3928f2d4bdb4ec617,session_abandoned,synthetic-user-ls-09,synthetic-session-ls-09,2026-08-12T21:01:45+00:00,"{""reason"":""no_restaurants""}",
f2a3bd95bf1353fa96b1d01150ee4521,$pageview,synthetic-user-ls-10,synthetic-session-ls-10,2026-08-13T21:00:00+00:00,"{""$current_url"":""https://www.just-eat.co.uk/"",""$pathname"":""/""}",
4cfddba3cc7c569baef889cfb97f20c6,postcode_submitted,synthetic-user-ls-10,synthetic-session-ls-10,2026-08-13T21:00:14+00:00,"{""postcode_area"":""remote""}",
40207102f10157c393802c8bb63ba0a6,$pageview,synthetic-user-ls-10,synthetic-session-ls-10,2026-08-13T21:00:18+00:00,"{""$current_url"":""https://www.just-eat.co.uk/area/hs9-5xd"",""$pathname"":""/area/hs9-5xd""}",
01a3b24e40535da1b5a6db8a12409ae8,search_results_loaded,synthetic-user-ls-10,synthetic-session-ls-10,2026-08-13T21:00:22+00:00,"{""result_count"":0}",
1bc972ecf87d555697c4c2d6dfdb0463,$autocapture,synthetic-user-ls-10,synthetic-session-ls-10,2026-08-13T21:00:35+00:00,{},"button;text=""Change location"""
b658fc5ac0be5c768e4bca3f7afc1ccc,postcode_submitted,synthetic-user-ls-10,synthetic-session-ls-10,2026-08-13T21:00:48+00:00,"{""postcode_area"":""remote_retry""}",
60aae3bc9f85518e9b26b45069eedeb5,search_results_loaded,synthetic-user-ls-10,synthetic-session-ls-10,2026-08-13T21:00:54+00:00,"{""result_count"":0}",
89ccced3b02851eba12f5d3e599fbce4,$rageclick,synthetic-user-ls-10,synthetic-session-ls-10,2026-08-13T21:01:10+00:00,"{""$rageclick_url"":""/area/hs9-5xd""}",
902faefd14b75de5ab291b9369767486,session_abandoned,synthetic-user-ls-10,synthetic-session-ls-10,2026-08-13T21:01:16+00:00,"{""reason"":""no_restaurants""}",
f88bd376e4b854e88e325f4e8b918432,$pageview,synthetic-user-ls-11,synthetic-session-ls-11,2026-08-14T21:00:00+00:00,"{""$current_url"":""https://www.just-eat.co.uk/"",""$pathname"":""/""}",
c4b5aa356fd453ce898b8ea4d451cf0a,postcode_submitted,synthetic-user-ls-11,synthetic-session-ls-11,2026-08-14T21:00:14+00:00,"{""postcode_area"":""remote""}",
fc63e8c39485590c8d9f8a6503b41bba,$pageview,synthetic-user-ls-11,synthetic-session-ls-11,2026-08-14T21:00:18+00:00,"{""$current_url"":""https://www.just-eat.co.uk/area/hs9-5xd"",""$pathname"":""/area/hs9-5xd""}",
38605adcd5c35b1d874fa614c780b0b1,search_results_loaded,synthetic-user-ls-11,synthetic-session-ls-11,2026-08-14T21:00:22+00:00,"{""result_count"":0}",
8271fca6a43c586cb8993e6778d610eb,$autocapture,synthetic-user-ls-11,synthetic-session-ls-11,2026-08-14T21:00:35+00:00,{},"button;text=""Change location"""
578878a825b558a3a50820e6d2c71040,postcode_submitted,synthetic-user-ls-11,synthetic-session-ls-11,2026-08-14T21:00:48+00:00,"{""postcode_area"":""remote_retry""}",
dc928ec33941532aa9b29180172651e0,search_results_loaded,synthetic-user-ls-11,synthetic-session-ls-11,2026-08-14T21:00:54+00:00,"{""result_count"":0}",
fdc39702279757998c24a50201abe852,$autocapture,synthetic-user-ls-11,synthetic-session-ls-11,2026-08-14T21:01:14+00:00,{},"button;text=""Collection"""
59fedef941e659ad8fdc25c3ccc61e57,service_mode_changed,synthetic-user-ls-11,synthetic-session-ls-11,2026-08-14T21:01:20+00:00,"{""mode"":""collection""}",
482bafb3466b5ee7b1fae59cbf04d5cb,search_results_loaded,synthetic-user-ls-11,synthetic-session-ls-11,2026-08-14T21:01:28+00:00,"{""result_count"":0}",
a5ee8e8a57165cc790d7ca92258dd39f,session_abandoned,synthetic-user-ls-11,synthetic-session-ls-11,2026-08-14T21:01:45+00:00,"{""reason"":""no_restaurants""}",
a9a2d9636ce654ae88d6e9061ee5b880,$pageview,synthetic-user-ls-12,synthetic-session-ls-12,2026-08-15T21:00:00+00:00,"{""$current_url"":""https://www.just-eat.co.uk/"",""$pathname"":""/""}",
328cd2304048536ba5cc2c5c81a559ee,postcode_submitted,synthetic-user-ls-12,synthetic-session-ls-12,2026-08-15T21:00:14+00:00,"{""postcode_area"":""remote""}",
feb8c0caae2e5cd38c754c7a6afc42fc,$pageview,synthetic-user-ls-12,synthetic-session-ls-12,2026-08-15T21:00:18+00:00,"{""$current_url"":""https://www.just-eat.co.uk/area/hs9-5xd"",""$pathname"":""/area/hs9-5xd""}",
74d7d3563faa576a8e14129359570e4a,search_results_loaded,synthetic-user-ls-12,synthetic-session-ls-12,2026-08-15T21:00:22+00:00,"{""result_count"":0}",
395a50b80b875539914fa5a02005002d,$autocapture,synthetic-user-ls-12,synthetic-session-ls-12,2026-08-15T21:00:35+00:00,{},"button;text=""Change location"""
65eaf5bebc8553f89bcb580c82efb6d8,postcode_submitted,synthetic-user-ls-12,synthetic-session-ls-12,2026-08-15T21:00:48+00:00,"{""postcode_area"":""remote_retry""}",
12d58ae90ea85c8ba451afd3a80cb156,search_results_loaded,synthetic-user-ls-12,synthetic-session-ls-12,2026-08-15T21:00:54+00:00,"{""result_count"":0}",
e616f054999d5b92898c14429cbda688,$rageclick,synthetic-user-ls-12,synthetic-session-ls-12,2026-08-15T21:01:10+00:00,"{""$rageclick_url"":""/area/hs9-5xd""}",
cd8c85950607549597a0fff4449966ca,session_abandoned,synthetic-user-ls-12,synthetic-session-ls-12,2026-08-15T21:01:16+00:00,"{""reason"":""no_restaurants""}",
49568982a70754f1beff295226be3cef,$pageview,synthetic-user-qf-01,synthetic-session-qf-01,2026-08-04T17:00:00+00:00,"{""$current_url"":""https://www.just-eat.co.uk/"",""$pathname"":""/""}",
52512181c0f55c6b89a3613c18b1df2d,postcode_submitted,synthetic-user-qf-01,synthetic-session-qf-01,2026-08-04T17:00:03+00:00,"{""postcode_area"":""urban""}",
7d1a2c4d634453b49543780b8706d6ff,$pageview,synthetic-user-qf-01,synthetic-session-qf-01,2026-08-04T17:00:05+00:00,"{""$current_url"":""https://www.just-eat.co.uk/area/ec1a-1bb"",""$pathname"":""/area/ec1a-1bb""}",
ee4466c28783546aae60b769c4214ced,$autocapture,synthetic-user-qf-01,synthetic-session-qf-01,2026-08-04T17:00:07+00:00,{},"button;text=""Filters"""
db22a18078e45d08baee15126d8f50cc,dietary_filter_selected,synthetic-user-qf-01,synthetic-session-qf-01,2026-08-04T17:00:09+00:00,"{""filter_name"":""Vegan""}",
2c36d559c5335bd189ecd711151affeb,search_results_loaded,synthetic-user-qf-01,synthetic-session-qf-01,2026-08-04T17:00:11+00:00,"{""result_count"":18}",
8d3b964e5e3158efb5436ec82ae06e3f,$autocapture,synthetic-user-qf-01,synthetic-session-qf-01,2026-08-04T17:00:14+00:00,{},"button;text=""Vegan burger"""
4382c91adc59504b8861d3a3eeed0422,$pageview,synthetic-user-qf-01,synthetic-session-qf-01,2026-08-04T17:00:16+00:00,"{""$current_url"":""https://www.just-eat.co.uk/menu/plant-kitchen"",""$pathname"":""/menu/plant-kitchen""}",
e9a32771bfb75bdeb52e96d153ad1b0e,item_added,synthetic-user-qf-01,synthetic-session-qf-01,2026-08-04T17:00:20+00:00,"{""dietary_tag"":""vegan"",""item_type"":""burger""}",
d6255f2912765cc2bdc384f4b51bb136,$pageview,synthetic-user-qf-01,synthetic-session-qf-01,2026-08-04T17:00:22+00:00,"{""$current_url"":""https://www.just-eat.co.uk/checkout"",""$pathname"":""/checkout""}",
937c0f2281b859d68ffbfa08560e12fc,$pageview,synthetic-user-qf-02,synthetic-session-qf-02,2026-08-05T17:00:00+00:00,"{""$current_url"":""https://www.just-eat.co.uk/"",""$pathname"":""/""}",
72b7d9fe685459c0ac07d5996302f09b,postcode_submitted,synthetic-user-qf-02,synthetic-session-qf-02,2026-08-05T17:00:03+00:00,"{""postcode_area"":""urban""}",
0d80181bdfb35c1aa7d9e7c4b30ce8ec,$pageview,synthetic-user-qf-02,synthetic-session-qf-02,2026-08-05T17:00:05+00:00,"{""$current_url"":""https://www.just-eat.co.uk/area/ec1a-1bb"",""$pathname"":""/area/ec1a-1bb""}",
2af26fdc420b5dd4822412437061ddbb,$autocapture,synthetic-user-qf-02,synthetic-session-qf-02,2026-08-05T17:00:07+00:00,{},"button;text=""Filters"""
eada123311845ebb96d5ffef0a41d306,dietary_filter_selected,synthetic-user-qf-02,synthetic-session-qf-02,2026-08-05T17:00:09+00:00,"{""filter_name"":""Vegan""}",
d6e6b829116f5d2caab9b26b77b6ab4b,search_results_loaded,synthetic-user-qf-02,synthetic-session-qf-02,2026-08-05T17:00:11+00:00,"{""result_count"":18}",
756a8c0f1c105c85bb5a51a7fee7ef8f,$autocapture,synthetic-user-qf-02,synthetic-session-qf-02,2026-08-05T17:00:14+00:00,{},"button;text=""Vegan burger"""
79bdbdeaba8759d5b61b9c368220a890,$pageview,synthetic-user-qf-02,synthetic-session-qf-02,2026-08-05T17:00:16+00:00,"{""$current_url"":""https://www.just-eat.co.uk/menu/plant-kitchen"",""$pathname"":""/menu/plant-kitchen""}",
2bccc0c44b4d51f39d355aaa1659fa57,item_added,synthetic-user-qf-02,synthetic-session-qf-02,2026-08-05T17:00:20+00:00,"{""dietary_tag"":""vegan"",""item_type"":""burger""}",
d5ee8a86fdfc510ba98f4a0ac5bc9ea8,$pageview,synthetic-user-qf-02,synthetic-session-qf-02,2026-08-05T17:00:22+00:00,"{""$current_url"":""https://www.just-eat.co.uk/checkout"",""$pathname"":""/checkout""}",
dee779df9cc25e4a94c78af68831e6e9,$pageview,synthetic-user-qf-03,synthetic-session-qf-03,2026-08-06T17:00:00+00:00,"{""$current_url"":""https://www.just-eat.co.uk/"",""$pathname"":""/""}",
9605423a3999588dad45fe83d9b441d5,postcode_submitted,synthetic-user-qf-03,synthetic-session-qf-03,2026-08-06T17:00:03+00:00,"{""postcode_area"":""urban""}",
35eaa38e0fb15ba29bfb3cb7a4727065,$pageview,synthetic-user-qf-03,synthetic-session-qf-03,2026-08-06T17:00:05+00:00,"{""$current_url"":""https://www.just-eat.co.uk/area/ec1a-1bb"",""$pathname"":""/area/ec1a-1bb""}",
a7bf52586f0e57afa3435063a5eaa32c,$autocapture,synthetic-user-qf-03,synthetic-session-qf-03,2026-08-06T17:00:07+00:00,{},"button;text=""Filters"""
b8e72f209e2a57dd9861af3ed97a74d0,dietary_filter_selected,synthetic-user-qf-03,synthetic-session-qf-03,2026-08-06T17:00:09+00:00,"{""filter_name"":""Vegan""}",
4680fc16832f5542a73484df184184e9,$rageclick,synthetic-user-qf-03,synthetic-session-qf-03,2026-08-06T17:00:11+00:00,"{""$rageclick_url"":""/area/ec1a-1bb""}",
6165a54f54e4531c9cf2376e7b64b00c,search_results_loaded,synthetic-user-qf-03,synthetic-session-qf-03,2026-08-06T17:00:14+00:00,"{""result_count"":0}",
eaa63cdbf5405fb9a6badf2a0f945da7,session_abandoned,synthetic-user-qf-03,synthetic-session-qf-03,2026-08-06T17:00:18+00:00,"{""reason"":""no_immediate_results""}",
ffd389176a295655b776003a682fb2f0,$pageview,synthetic-user-qf-04,synthetic-session-qf-04,2026-08-07T17:00:00+00:00,"{""$current_url"":""https://www.just-eat.co.uk/"",""$pathname"":""/""}",
9e72b8eb4fb859c18bc5be2b3eaa41c5,postcode_submitted,synthetic-user-qf-04,synthetic-session-qf-04,2026-08-07T17:00:03+00:00,"{""postcode_area"":""urban""}",
2ea932b8cbdc5872a66bc3fd9309a40c,$pageview,synthetic-user-qf-04,synthetic-session-qf-04,2026-08-07T17:00:05+00:00,"{""$current_url"":""https://www.just-eat.co.uk/area/ec1a-1bb"",""$pathname"":""/area/ec1a-1bb""}",
4417e66b08195c8f8e1f8c618208e58d,$autocapture,synthetic-user-qf-04,synthetic-session-qf-04,2026-08-07T17:00:07+00:00,{},"button;text=""Filters"""
b015f2ac47fb51c98243646e57512eab,dietary_filter_selected,synthetic-user-qf-04,synthetic-session-qf-04,2026-08-07T17:00:09+00:00,"{""filter_name"":""Vegan""}",
08c7b14da61c501facbf2ec68bfc8e44,search_results_loaded,synthetic-user-qf-04,synthetic-session-qf-04,2026-08-07T17:00:11+00:00,"{""result_count"":18}",
3e515964a2415242ad6bd9c468d674a6,$autocapture,synthetic-user-qf-04,synthetic-session-qf-04,2026-08-07T17:00:14+00:00,{},"button;text=""Vegan burger"""
f763f795406c57fab13c4ee012f0685a,$pageview,synthetic-user-qf-04,synthetic-session-qf-04,2026-08-07T17:00:16+00:00,"{""$current_url"":""https://www.just-eat.co.uk/menu/plant-kitchen"",""$pathname"":""/menu/plant-kitchen""}",
a5af5148dcde5586a6cf4a8fa105f6ee,item_added,synthetic-user-qf-04,synthetic-session-qf-04,2026-08-07T17:00:20+00:00,"{""dietary_tag"":""vegan"",""item_type"":""burger""}",
1dd16beba56c503faff83127afca2787,$pageview,synthetic-user-qf-04,synthetic-session-qf-04,2026-08-07T17:00:22+00:00,"{""$current_url"":""https://www.just-eat.co.uk/checkout"",""$pathname"":""/checkout""}",
47e153e5789d56d4a2f244cb64786488,$pageview,synthetic-user-qf-05,synthetic-session-qf-05,2026-08-08T17:00:00+00:00,"{""$current_url"":""https://www.just-eat.co.uk/"",""$pathname"":""/""}",
8953ae1d3671597b8219b0f456af12ee,postcode_submitted,synthetic-user-qf-05,synthetic-session-qf-05,2026-08-08T17:00:03+00:00,"{""postcode_area"":""urban""}",
dc7a2cb5638e5b30b43ad9253c688060,$pageview,synthetic-user-qf-05,synthetic-session-qf-05,2026-08-08T17:00:05+00:00,"{""$current_url"":""https://www.just-eat.co.uk/area/ec1a-1bb"",""$pathname"":""/area/ec1a-1bb""}",
b27dcb03cf1f55259ed0ac90ccbdc8b9,$autocapture,synthetic-user-qf-05,synthetic-session-qf-05,2026-08-08T17:00:07+00:00,{},"button;text=""Filters"""
b79b565a1aa05850853085bfc0c06629,dietary_filter_selected,synthetic-user-qf-05,synthetic-session-qf-05,2026-08-08T17:00:09+00:00,"{""filter_name"":""Vegan""}",
7b28b2a95f24530f8bdea4d9b154fa32,search_results_loaded,synthetic-user-qf-05,synthetic-session-qf-05,2026-08-08T17:00:11+00:00,"{""result_count"":18}",
2e3426a862eb52bb959eb0324fe6afe3,$autocapture,synthetic-user-qf-05,synthetic-session-qf-05,2026-08-08T17:00:14+00:00,{},"button;text=""Vegan burger"""
4f68618fe9f056e68da204038fbf48ca,$pageview,synthetic-user-qf-05,synthetic-session-qf-05,2026-08-08T17:00:16+00:00,"{""$current_url"":""https://www.just-eat.co.uk/menu/plant-kitchen"",""$pathname"":""/menu/plant-kitchen""}",
74cf4ffffffa5ca38f34860a7b180bac,item_added,synthetic-user-qf-05,synthetic-session-qf-05,2026-08-08T17:00:20+00:00,"{""dietary_tag"":""vegan"",""item_type"":""burger""}",
9c982cac6af35d1cba3598ee38b4a1f9,$pageview,synthetic-user-qf-05,synthetic-session-qf-05,2026-08-08T17:00:22+00:00,"{""$current_url"":""https://www.just-eat.co.uk/checkout"",""$pathname"":""/checkout""}",
0cc816c7e1ba585ab44dd9e685b7f717,$pageview,synthetic-user-qf-06,synthetic-session-qf-06,2026-08-09T17:00:00+00:00,"{""$current_url"":""https://www.just-eat.co.uk/"",""$pathname"":""/""}",
227ffe0587485aa88b8e02d64fe34284,postcode_submitted,synthetic-user-qf-06,synthetic-session-qf-06,2026-08-09T17:00:03+00:00,"{""postcode_area"":""urban""}",
0931249774da5237a9c729f7b13918ac,$pageview,synthetic-user-qf-06,synthetic-session-qf-06,2026-08-09T17:00:05+00:00,"{""$current_url"":""https://www.just-eat.co.uk/area/ec1a-1bb"",""$pathname"":""/area/ec1a-1bb""}",
fe94c68307c85070af8b3eaca173a52a,$autocapture,synthetic-user-qf-06,synthetic-session-qf-06,2026-08-09T17:00:07+00:00,{},"button;text=""Filters"""
4b6bb1fdd17b51b09323d9e365436d6d,dietary_filter_selected,synthetic-user-qf-06,synthetic-session-qf-06,2026-08-09T17:00:09+00:00,"{""filter_name"":""Vegan""}",
0e800ca9476053b0982fe9f7ab0aa49d,$rageclick,synthetic-user-qf-06,synthetic-session-qf-06,2026-08-09T17:00:11+00:00,"{""$rageclick_url"":""/area/ec1a-1bb""}",
cbc5ec61629a5c4b881aef2c5819af9d,search_results_loaded,synthetic-user-qf-06,synthetic-session-qf-06,2026-08-09T17:00:14+00:00,"{""result_count"":0}",
19f059a4026a524780a967af05a82a17,session_abandoned,synthetic-user-qf-06,synthetic-session-qf-06,2026-08-09T17:00:18+00:00,"{""reason"":""no_immediate_results""}",
161014b7eca05554a3f3a7288f4e7e60,$pageview,synthetic-user-qf-07,synthetic-session-qf-07,2026-08-10T17:00:00+00:00,"{""$current_url"":""https://www.just-eat.co.uk/"",""$pathname"":""/""}",
d34fc83aeae055c297d9ecf137f46845,postcode_submitted,synthetic-user-qf-07,synthetic-session-qf-07,2026-08-10T17:00:03+00:00,"{""postcode_area"":""urban""}",
c74d44a781e45e6a854163a3cefc8b57,$pageview,synthetic-user-qf-07,synthetic-session-qf-07,2026-08-10T17:00:05+00:00,"{""$current_url"":""https://www.just-eat.co.uk/area/ec1a-1bb"",""$pathname"":""/area/ec1a-1bb""}",
78c50d3daa05528e9755d381f65b9028,$autocapture,synthetic-user-qf-07,synthetic-session-qf-07,2026-08-10T17:00:07+00:00,{},"button;text=""Filters"""
273226a518c9592c957f0786bfe3725b,dietary_filter_selected,synthetic-user-qf-07,synthetic-session-qf-07,2026-08-10T17:00:09+00:00,"{""filter_name"":""Vegan""}",
98c4e80728195341a4d20602ac561647,search_results_loaded,synthetic-user-qf-07,synthetic-session-qf-07,2026-08-10T17:00:11+00:00,"{""result_count"":18}",
d206da88cb8e54969902cb5a7770104b,$autocapture,synthetic-user-qf-07,synthetic-session-qf-07,2026-08-10T17:00:14+00:00,{},"button;text=""Vegan burger"""
c3f1e67257b2593b96eadb6e1b1c5317,$pageview,synthetic-user-qf-07,synthetic-session-qf-07,2026-08-10T17:00:16+00:00,"{""$current_url"":""https://www.just-eat.co.uk/menu/plant-kitchen"",""$pathname"":""/menu/plant-kitchen""}",
6ab1b42fe5645715b9328694db44e02b,item_added,synthetic-user-qf-07,synthetic-session-qf-07,2026-08-10T17:00:20+00:00,"{""dietary_tag"":""vegan"",""item_type"":""burger""}",
2c18659437775ef9a29114965deff3ea,$pageview,synthetic-user-qf-07,synthetic-session-qf-07,2026-08-10T17:00:22+00:00,"{""$current_url"":""https://www.just-eat.co.uk/checkout"",""$pathname"":""/checkout""}",
4ec355e4589f596fb2275c58d99a99cf,$pageview,synthetic-user-qf-08,synthetic-session-qf-08,2026-08-11T17:00:00+00:00,"{""$current_url"":""https://www.just-eat.co.uk/"",""$pathname"":""/""}",
27eab67167445682bf59e8440d1adc7a,postcode_submitted,synthetic-user-qf-08,synthetic-session-qf-08,2026-08-11T17:00:03+00:00,"{""postcode_area"":""urban""}",
6a6e71812d255ec69289e14a3fa2c92b,$pageview,synthetic-user-qf-08,synthetic-session-qf-08,2026-08-11T17:00:05+00:00,"{""$current_url"":""https://www.just-eat.co.uk/area/ec1a-1bb"",""$pathname"":""/area/ec1a-1bb""}",
e9df7128670a5b3f9411fa876db761e9,$autocapture,synthetic-user-qf-08,synthetic-session-qf-08,2026-08-11T17:00:07+00:00,{},"button;text=""Filters"""
f75fa940ad3d504fa2338f0a13458877,dietary_filter_selected,synthetic-user-qf-08,synthetic-session-qf-08,2026-08-11T17:00:09+00:00,"{""filter_name"":""Vegan""}",
b82e8da55a1b5d2b87673b375df4d289,search_results_loaded,synthetic-user-qf-08,synthetic-session-qf-08,2026-08-11T17:00:11+00:00,"{""result_count"":18}",
a9c70baa07025899a8efc7ae47549c48,$autocapture,synthetic-user-qf-08,synthetic-session-qf-08,2026-08-11T17:00:14+00:00,{},"button;text=""Vegan burger"""
ab9b51511e2d58cd81e9dadc7a0c4846,$pageview,synthetic-user-qf-08,synthetic-session-qf-08,2026-08-11T17:00:16+00:00,"{""$current_url"":""https://www.just-eat.co.uk/menu/plant-kitchen"",""$pathname"":""/menu/plant-kitchen""}",
d431ce1d644f508a9962ac9e58989941,item_added,synthetic-user-qf-08,synthetic-session-qf-08,2026-08-11T17:00:20+00:00,"{""dietary_tag"":""vegan"",""item_type"":""burger""}",
e6b43cf402e850a38d987af1d79e3d8b,$pageview,synthetic-user-qf-08,synthetic-session-qf-08,2026-08-11T17:00:22+00:00,"{""$current_url"":""https://www.just-eat.co.uk/checkout"",""$pathname"":""/checkout""}",
09dec320839756f68cc9dc6b971e5ca0,$pageview,synthetic-user-qf-09,synthetic-session-qf-09,2026-08-12T17:00:00+00:00,"{""$current_url"":""https://www.just-eat.co.uk/"",""$pathname"":""/""}",
1d04dd6a94f2524b98721e9141154fac,postcode_submitted,synthetic-user-qf-09,synthetic-session-qf-09,2026-08-12T17:00:03+00:00,"{""postcode_area"":""urban""}",
e74c8b87b70254c5859aaab8df8d0889,$pageview,synthetic-user-qf-09,synthetic-session-qf-09,2026-08-12T17:00:05+00:00,"{""$current_url"":""https://www.just-eat.co.uk/area/ec1a-1bb"",""$pathname"":""/area/ec1a-1bb""}",
2e013cd07c64508e955c75fedee05d9c,$autocapture,synthetic-user-qf-09,synthetic-session-qf-09,2026-08-12T17:00:07+00:00,{},"button;text=""Filters"""
4d4cefac39ae5f33bbd984c42de485a3,dietary_filter_selected,synthetic-user-qf-09,synthetic-session-qf-09,2026-08-12T17:00:09+00:00,"{""filter_name"":""Vegan""}",
345f66245086520082e7abd774585d5f,$rageclick,synthetic-user-qf-09,synthetic-session-qf-09,2026-08-12T17:00:11+00:00,"{""$rageclick_url"":""/area/ec1a-1bb""}",
cab6c075e4285416a575b9f1e76bec3d,search_results_loaded,synthetic-user-qf-09,synthetic-session-qf-09,2026-08-12T17:00:14+00:00,"{""result_count"":0}",
54bc6b2d29115922984f6691213c262f,session_abandoned,synthetic-user-qf-09,synthetic-session-qf-09,2026-08-12T17:00:18+00:00,"{""reason"":""no_immediate_results""}",
6c2628942d2a527895ddffb676aff95d,$pageview,synthetic-user-qf-10,synthetic-session-qf-10,2026-08-13T17:00:00+00:00,"{""$current_url"":""https://www.just-eat.co.uk/"",""$pathname"":""/""}",
f26f07da2fa85ca5a12a56ebf737f822,postcode_submitted,synthetic-user-qf-10,synthetic-session-qf-10,2026-08-13T17:00:03+00:00,"{""postcode_area"":""urban""}",
8271502fcf855687a4bc695f911dd980,$pageview,synthetic-user-qf-10,synthetic-session-qf-10,2026-08-13T17:00:05+00:00,"{""$current_url"":""https://www.just-eat.co.uk/area/ec1a-1bb"",""$pathname"":""/area/ec1a-1bb""}",
5c73eeec730354b796105b2d2d72c91a,$autocapture,synthetic-user-qf-10,synthetic-session-qf-10,2026-08-13T17:00:07+00:00,{},"button;text=""Filters"""
af68dcc7bfe95aaf8e22d438b2932378,dietary_filter_selected,synthetic-user-qf-10,synthetic-session-qf-10,2026-08-13T17:00:09+00:00,"{""filter_name"":""Vegan""}",
5b3d8f7015ab54dd8b335f241b39fa2e,search_results_loaded,synthetic-user-qf-10,synthetic-session-qf-10,2026-08-13T17:00:11+00:00,"{""result_count"":18}",
c0be6c6bcf3c5d3f9f22438f7327fa2e,$autocapture,synthetic-user-qf-10,synthetic-session-qf-10,2026-08-13T17:00:14+00:00,{},"button;text=""Vegan burger"""
50b2d0b37b0956638e2e576005eb13b9,$pageview,synthetic-user-qf-10,synthetic-session-qf-10,2026-08-13T17:00:16+00:00,"{""$current_url"":""https://www.just-eat.co.uk/menu/plant-kitchen"",""$pathname"":""/menu/plant-kitchen""}",
88a2679e3c0a5a59842a2b5fffc520e6,item_added,synthetic-user-qf-10,synthetic-session-qf-10,2026-08-13T17:00:20+00:00,"{""dietary_tag"":""vegan"",""item_type"":""burger""}",
709ef4ebbba95dada39f4eba6df199a8,$pageview,synthetic-user-qf-10,synthetic-session-qf-10,2026-08-13T17:00:22+00:00,"{""$current_url"":""https://www.just-eat.co.uk/checkout"",""$pathname"":""/checkout""}",
ceb7ee5e072758b0a1f22f307784657b,$pageview,synthetic-user-qf-11,synthetic-session-qf-11,2026-08-14T17:00:00+00:00,"{""$current_url"":""https://www.just-eat.co.uk/"",""$pathname"":""/""}",
eaf35254b93f520988cf9499240283bf,postcode_submitted,synthetic-user-qf-11,synthetic-session-qf-11,2026-08-14T17:00:03+00:00,"{""postcode_area"":""urban""}",
7200ad26a85556b0b706637e1f85cefb,$pageview,synthetic-user-qf-11,synthetic-session-qf-11,2026-08-14T17:00:05+00:00,"{""$current_url"":""https://www.just-eat.co.uk/area/ec1a-1bb"",""$pathname"":""/area/ec1a-1bb""}",
39ed1071dae553de8a2c9607a10761c8,$autocapture,synthetic-user-qf-11,synthetic-session-qf-11,2026-08-14T17:00:07+00:00,{},"button;text=""Filters"""
7dddabb699d35c60ad388cabfc225f79,dietary_filter_selected,synthetic-user-qf-11,synthetic-session-qf-11,2026-08-14T17:00:09+00:00,"{""filter_name"":""Vegan""}",
874edd760cb55967b60182369c3cc563,search_results_loaded,synthetic-user-qf-11,synthetic-session-qf-11,2026-08-14T17:00:11+00:00,"{""result_count"":18}",
847a6380c3f4561d87dd86633e728e69,$autocapture,synthetic-user-qf-11,synthetic-session-qf-11,2026-08-14T17:00:14+00:00,{},"button;text=""Vegan burger"""
1f074c9bc5be5e86a93de32e342f36a1,$pageview,synthetic-user-qf-11,synthetic-session-qf-11,2026-08-14T17:00:16+00:00,"{""$current_url"":""https://www.just-eat.co.uk/menu/plant-kitchen"",""$pathname"":""/menu/plant-kitchen""}",
2bdb87dedda05c90b0f13a856b7936c2,item_added,synthetic-user-qf-11,synthetic-session-qf-11,2026-08-14T17:00:20+00:00,"{""dietary_tag"":""vegan"",""item_type"":""burger""}",
df08e2d2f91257858f60717dca0a9be8,$pageview,synthetic-user-qf-11,synthetic-session-qf-11,2026-08-14T17:00:22+00:00,"{""$current_url"":""https://www.just-eat.co.uk/checkout"",""$pathname"":""/checkout""}",
8606a70bc1005126bcd641afbbdd39d1,$pageview,synthetic-user-qf-12,synthetic-session-qf-12,2026-08-15T17:00:00+00:00,"{""$current_url"":""https://www.just-eat.co.uk/"",""$pathname"":""/""}",
22a676e8726b536cbf0e3414dd731dae,postcode_submitted,synthetic-user-qf-12,synthetic-session-qf-12,2026-08-15T17:00:03+00:00,"{""postcode_area"":""urban""}",
28aa6467edf759b48e8b6df8410a7a03,$pageview,synthetic-user-qf-12,synthetic-session-qf-12,2026-08-15T17:00:05+00:00,"{""$current_url"":""https://www.just-eat.co.uk/area/ec1a-1bb"",""$pathname"":""/area/ec1a-1bb""}",
19171934cc5154bf81f61aa4ac121011,$autocapture,synthetic-user-qf-12,synthetic-session-qf-12,2026-08-15T17:00:07+00:00,{},"button;text=""Filters"""
43c625c2eb4050a69782374936fdb94a,dietary_filter_selected,synthetic-user-qf-12,synthetic-session-qf-12,2026-08-15T17:00:09+00:00,"{""filter_name"":""Vegan""}",
ddc1a7b71a965d828902c15e80f4af62,$rageclick,synthetic-user-qf-12,synthetic-session-qf-12,2026-08-15T17:00:11+00:00,"{""$rageclick_url"":""/area/ec1a-1bb""}",
80b1dbce16fd59a38d8a9773f085b64e,search_results_loaded,synthetic-user-qf-12,synthetic-session-qf-12,2026-08-15T17:00:14+00:00,"{""result_count"":0}",
706f0b7fcc6257a3b80714a96ba400e1,session_abandoned,synthetic-user-qf-12,synthetic-session-qf-12,2026-08-15T17:00:18+00:00,"{""reason"":""no_immediate_results""}",
bb0faa95881c5e73ac716861a361a9b7,$pageview,synthetic-user-rb-01,synthetic-session-rb-01,2026-08-04T23:00:00+00:00,"{""$current_url"":""https://www.just-eat.co.uk/"",""$pathname"":""/""}",
e79fac9cb53e59e7b7b6f3a0167d977d,postcode_submitted,synthetic-user-rb-01,synthetic-session-rb-01,2026-08-04T23:00:08+00:00,"{""postcode_area"":""urban""}",
facfce1c007e54c7b5f4ae5293e90378,$pageview,synthetic-user-rb-01,synthetic-session-rb-01,2026-08-04T23:00:12+00:00,"{""$current_url"":""https://www.just-eat.co.uk/area/ec1a-1bb"",""$pathname"":""/area/ec1a-1bb""}",
a1a8b97db2bd5ff8a8bd693f6b2a9b32,$autocapture,synthetic-user-rb-01,synthetic-session-rb-01,2026-08-04T23:00:20+00:00,{},"button;text=""Order again"""
d51646b1566b5e61a65af6b3ef5b7830,$pageview,synthetic-user-rb-01,synthetic-session-rb-01,2026-08-04T23:00:24+00:00,"{""$current_url"":""https://www.just-eat.co.uk/menu/favourite-pizza"",""$pathname"":""/menu/favourite-pizza""}",
342c51ff45615109a0d625c33318637d,item_added,synthetic-user-rb-01,synthetic-session-rb-01,2026-08-04T23:00:33+00:00,"{""item_type"":""pizza"",""source"":""order_again""}",
66702b491bdd53ea83e77bc668345a10,$pageview,synthetic-user-rb-01,synthetic-session-rb-01,2026-08-04T23:00:38+00:00,"{""$current_url"":""https://www.just-eat.co.uk/checkout"",""$pathname"":""/checkout""}",
d520357eb96956dc98aaa9eba984cd2d,checkout_started,synthetic-user-rb-01,synthetic-session-rb-01,2026-08-04T23:00:52+00:00,"{""basket_items"":1}",
3e962f6717585966898275ebcd714062,$pageview,synthetic-user-rb-02,synthetic-session-rb-02,2026-08-05T23:00:00+00:00,"{""$current_url"":""https://www.just-eat.co.uk/"",""$pathname"":""/""}",
bf41037d1fc95ff9a54531364c75b13a,postcode_submitted,synthetic-user-rb-02,synthetic-session-rb-02,2026-08-05T23:00:08+00:00,"{""postcode_area"":""urban""}",
06ece28dffc7580b9aed6bb733f65867,$pageview,synthetic-user-rb-02,synthetic-session-rb-02,2026-08-05T23:00:12+00:00,"{""$current_url"":""https://www.just-eat.co.uk/area/ec1a-1bb"",""$pathname"":""/area/ec1a-1bb""}",
db7cbe0307f055dca6a402a69b78459f,$autocapture,synthetic-user-rb-02,synthetic-session-rb-02,2026-08-05T23:00:20+00:00,{},"button;text=""Order again"""
86007a4297bc5cd0925060f4c64f2904,$pageview,synthetic-user-rb-02,synthetic-session-rb-02,2026-08-05T23:00:24+00:00,"{""$current_url"":""https://www.just-eat.co.uk/menu/favourite-pizza"",""$pathname"":""/menu/favourite-pizza""}",
27560eb8ba46514b859ab72d41b37fae,item_added,synthetic-user-rb-02,synthetic-session-rb-02,2026-08-05T23:00:33+00:00,"{""item_type"":""pizza"",""source"":""order_again""}",
dc43d778d015579a844f54c62257f1f7,$pageview,synthetic-user-rb-02,synthetic-session-rb-02,2026-08-05T23:00:38+00:00,"{""$current_url"":""https://www.just-eat.co.uk/checkout"",""$pathname"":""/checkout""}",
563b62f3e084513595433e8212e88b72,checkout_started,synthetic-user-rb-02,synthetic-session-rb-02,2026-08-05T23:00:52+00:00,"{""basket_items"":1}",
fb524e86429f5f6b87a7211d6d2a2457,$pageview,synthetic-user-rb-03,synthetic-session-rb-03,2026-08-06T23:00:00+00:00,"{""$current_url"":""https://www.just-eat.co.uk/"",""$pathname"":""/""}",
edc33e9cec515451a4ae291c161e3dd0,postcode_submitted,synthetic-user-rb-03,synthetic-session-rb-03,2026-08-06T23:00:08+00:00,"{""postcode_area"":""urban""}",
bb49689dea96569e8bb022dff78c2d9f,$pageview,synthetic-user-rb-03,synthetic-session-rb-03,2026-08-06T23:00:12+00:00,"{""$current_url"":""https://www.just-eat.co.uk/area/ec1a-1bb"",""$pathname"":""/area/ec1a-1bb""}",
28594c3958ff524e8f62ea046481acdb,$autocapture,synthetic-user-rb-03,synthetic-session-rb-03,2026-08-06T23:00:20+00:00,{},"button;text=""Order again"""
993b19ec94bd574e97acd3ec025b5a3e,$pageview,synthetic-user-rb-03,synthetic-session-rb-03,2026-08-06T23:00:24+00:00,"{""$current_url"":""https://www.just-eat.co.uk/menu/favourite-pizza"",""$pathname"":""/menu/favourite-pizza""}",
24a8547b31c85189971a5c8b0bbc5f43,item_added,synthetic-user-rb-03,synthetic-session-rb-03,2026-08-06T23:00:33+00:00,"{""item_type"":""pizza"",""source"":""order_again""}",
67d422bb66465159935d5d91700a763c,$pageview,synthetic-user-rb-03,synthetic-session-rb-03,2026-08-06T23:00:38+00:00,"{""$current_url"":""https://www.just-eat.co.uk/checkout"",""$pathname"":""/checkout""}",
840863ddc8ed5b9bbfea985f911f30c0,checkout_started,synthetic-user-rb-03,synthetic-session-rb-03,2026-08-06T23:00:52+00:00,"{""basket_items"":1}",
c622f2422ecf522dac2cdfe5b84a717b,$pageview,synthetic-user-rb-04,synthetic-session-rb-04,2026-08-07T23:00:00+00:00,"{""$current_url"":""https://www.just-eat.co.uk/"",""$pathname"":""/""}",
c32bbfbae2fe5338be9c642f4f08afba,postcode_submitted,synthetic-user-rb-04,synthetic-session-rb-04,2026-08-07T23:00:08+00:00,"{""postcode_area"":""urban""}",
130a37c670295c1892258941af8945cf,$pageview,synthetic-user-rb-04,synthetic-session-rb-04,2026-08-07T23:00:12+00:00,"{""$current_url"":""https://www.just-eat.co.uk/area/ec1a-1bb"",""$pathname"":""/area/ec1a-1bb""}",
8e4c5fac95f8549c9c6d737c6ec06fe2,$autocapture,synthetic-user-rb-04,synthetic-session-rb-04,2026-08-07T23:00:20+00:00,{},"button;text=""Order again"""
25ddab499df85921b685a9e049c1d4f3,$pageview,synthetic-user-rb-04,synthetic-session-rb-04,2026-08-07T23:00:24+00:00,"{""$current_url"":""https://www.just-eat.co.uk/menu/favourite-pizza"",""$pathname"":""/menu/favourite-pizza""}",
022babd38ff755f299a427ee58bba569,item_added,synthetic-user-rb-04,synthetic-session-rb-04,2026-08-07T23:00:33+00:00,"{""item_type"":""pizza"",""source"":""order_again""}",
dbed75dcaa685012a9630664d71817a1,$pageview,synthetic-user-rb-04,synthetic-session-rb-04,2026-08-07T23:00:38+00:00,"{""$current_url"":""https://www.just-eat.co.uk/checkout"",""$pathname"":""/checkout""}",
e8e87dc39813517e91f2785c629721f5,checkout_started,synthetic-user-rb-04,synthetic-session-rb-04,2026-08-07T23:00:52+00:00,"{""basket_items"":1}",
d43bb7ab6e6f5aa48e6da429f781de7b,$pageview,synthetic-user-rb-05,synthetic-session-rb-05,2026-08-08T23:00:00+00:00,"{""$current_url"":""https://www.just-eat.co.uk/"",""$pathname"":""/""}",
c42fdfac393250178bf2ac0298decf5b,postcode_submitted,synthetic-user-rb-05,synthetic-session-rb-05,2026-08-08T23:00:08+00:00,"{""postcode_area"":""urban""}",
36dedb9b8e1c55c2bae64d25fcda36a0,$pageview,synthetic-user-rb-05,synthetic-session-rb-05,2026-08-08T23:00:12+00:00,"{""$current_url"":""https://www.just-eat.co.uk/area/ec1a-1bb"",""$pathname"":""/area/ec1a-1bb""}",
3a6ac942a93a52db8ff19522f537dbac,$autocapture,synthetic-user-rb-05,synthetic-session-rb-05,2026-08-08T23:00:20+00:00,{},"button;text=""Order again"""
401862993107541693a96e235dfec1f0,$pageview,synthetic-user-rb-05,synthetic-session-rb-05,2026-08-08T23:00:24+00:00,"{""$current_url"":""https://www.just-eat.co.uk/menu/favourite-pizza"",""$pathname"":""/menu/favourite-pizza""}",
98cd827032bd58d4a548a0b29bef2269,item_added,synthetic-user-rb-05,synthetic-session-rb-05,2026-08-08T23:00:33+00:00,"{""item_type"":""pizza"",""source"":""order_again""}",
2bc303ac29de51cd814beaca8ad6aee3,$pageview,synthetic-user-rb-05,synthetic-session-rb-05,2026-08-08T23:00:38+00:00,"{""$current_url"":""https://www.just-eat.co.uk/checkout"",""$pathname"":""/checkout""}",
1816e7cce541558988b0a48c56ce208c,checkout_started,synthetic-user-rb-05,synthetic-session-rb-05,2026-08-08T23:00:52+00:00,"{""basket_items"":1}",
189b0a6011ae5e878fceb4e58664cb1d,$pageview,synthetic-user-rb-06,synthetic-session-rb-06,2026-08-09T23:00:00+00:00,"{""$current_url"":""https://www.just-eat.co.uk/"",""$pathname"":""/""}",
ced7ad646c6c57dd909cc7c8792c8dfa,postcode_submitted,synthetic-user-rb-06,synthetic-session-rb-06,2026-08-09T23:00:08+00:00,"{""postcode_area"":""urban""}",
5a5bfee2c4d05c6c87015fd177f0f604,$pageview,synthetic-user-rb-06,synthetic-session-rb-06,2026-08-09T23:00:12+00:00,"{""$current_url"":""https://www.just-eat.co.uk/area/ec1a-1bb"",""$pathname"":""/area/ec1a-1bb""}",
ad09a4d29f2451528096b77f8fb18588,$autocapture,synthetic-user-rb-06,synthetic-session-rb-06,2026-08-09T23:00:20+00:00,{},"button;text=""Order again"""
2b08b6351ead5a7bb45efca2381b380e,$pageview,synthetic-user-rb-06,synthetic-session-rb-06,2026-08-09T23:00:24+00:00,"{""$current_url"":""https://www.just-eat.co.uk/menu/favourite-pizza"",""$pathname"":""/menu/favourite-pizza""}",
071094debe8457d0ac391933fa54da44,item_added,synthetic-user-rb-06,synthetic-session-rb-06,2026-08-09T23:00:33+00:00,"{""item_type"":""pizza"",""source"":""order_again""}",
d55b7c8f6d3056b78cdcf0deb23d3714,$pageview,synthetic-user-rb-06,synthetic-session-rb-06,2026-08-09T23:00:38+00:00,"{""$current_url"":""https://www.just-eat.co.uk/checkout"",""$pathname"":""/checkout""}",
eabf65bc8ee6517f9579a80f81389415,checkout_started,synthetic-user-rb-06,synthetic-session-rb-06,2026-08-09T23:00:52+00:00,"{""basket_items"":1}",
5f934fb2a70256ef95f6567238c8dc16,$pageview,synthetic-user-rb-07,synthetic-session-rb-07,2026-08-10T23:00:00+00:00,"{""$current_url"":""https://www.just-eat.co.uk/"",""$pathname"":""/""}",
03b67c57367651ada7e630d742374e92,postcode_submitted,synthetic-user-rb-07,synthetic-session-rb-07,2026-08-10T23:00:08+00:00,"{""postcode_area"":""urban""}",
9254bb2389d358789337dda368d08b88,$pageview,synthetic-user-rb-07,synthetic-session-rb-07,2026-08-10T23:00:12+00:00,"{""$current_url"":""https://www.just-eat.co.uk/area/ec1a-1bb"",""$pathname"":""/area/ec1a-1bb""}",
d65925c768175370ae74af5e3881eaf1,$autocapture,synthetic-user-rb-07,synthetic-session-rb-07,2026-08-10T23:00:20+00:00,{},"button;text=""Order again"""
4aa8f2edf1a45f939d6517a36cbd0e6b,$pageview,synthetic-user-rb-07,synthetic-session-rb-07,2026-08-10T23:00:24+00:00,"{""$current_url"":""https://www.just-eat.co.uk/menu/favourite-pizza"",""$pathname"":""/menu/favourite-pizza""}",
3c4c1eb441b1595dae962daeefa628d8,item_added,synthetic-user-rb-07,synthetic-session-rb-07,2026-08-10T23:00:33+00:00,"{""item_type"":""pizza"",""source"":""order_again""}",
43b81899cd345beb8898168a4f0bafc9,$pageview,synthetic-user-rb-07,synthetic-session-rb-07,2026-08-10T23:00:38+00:00,"{""$current_url"":""https://www.just-eat.co.uk/checkout"",""$pathname"":""/checkout""}",
f6501c0ed0435bd8b6248ed5a1d43d5b,checkout_started,synthetic-user-rb-07,synthetic-session-rb-07,2026-08-10T23:00:52+00:00,"{""basket_items"":1}",
04b4b0f0399f54b99c0efcb00e66050e,$pageview,synthetic-user-rb-08,synthetic-session-rb-08,2026-08-11T23:00:00+00:00,"{""$current_url"":""https://www.just-eat.co.uk/"",""$pathname"":""/""}",
f3e92e376eb95971b58e35bad59d7040,postcode_submitted,synthetic-user-rb-08,synthetic-session-rb-08,2026-08-11T23:00:08+00:00,"{""postcode_area"":""urban""}",
6bedcd440b305f4dace9b511e140fcf4,$pageview,synthetic-user-rb-08,synthetic-session-rb-08,2026-08-11T23:00:12+00:00,"{""$current_url"":""https://www.just-eat.co.uk/area/ec1a-1bb"",""$pathname"":""/area/ec1a-1bb""}",
3c6a24fb07195f5fa7f204991f7fa9a0,$autocapture,synthetic-user-rb-08,synthetic-session-rb-08,2026-08-11T23:00:20+00:00,{},"button;text=""Order again"""
e26d86666c1757a7bcb7a7fb3e75ff97,$pageview,synthetic-user-rb-08,synthetic-session-rb-08,2026-08-11T23:00:24+00:00,"{""$current_url"":""https://www.just-eat.co.uk/menu/favourite-pizza"",""$pathname"":""/menu/favourite-pizza""}",
763b70705f9c572fbcb941b66068288b,item_added,synthetic-user-rb-08,synthetic-session-rb-08,2026-08-11T23:00:33+00:00,"{""item_type"":""pizza"",""source"":""order_again""}",
48b3bd4d1d8a54a0a8142c3b979045ea,$pageview,synthetic-user-rb-08,synthetic-session-rb-08,2026-08-11T23:00:38+00:00,"{""$current_url"":""https://www.just-eat.co.uk/checkout"",""$pathname"":""/checkout""}",
ffd093721f1a5595affe7c1eaf104324,checkout_started,synthetic-user-rb-08,synthetic-session-rb-08,2026-08-11T23:00:52+00:00,"{""basket_items"":1}",
d1d5e7dc055b54c4aed88df0e3b766a2,$pageview,synthetic-user-rb-09,synthetic-session-rb-09,2026-08-12T23:00:00+00:00,"{""$current_url"":""https://www.just-eat.co.uk/"",""$pathname"":""/""}",
eeb877ce303d5feea592ba0d901f4f73,postcode_submitted,synthetic-user-rb-09,synthetic-session-rb-09,2026-08-12T23:00:08+00:00,"{""postcode_area"":""urban""}",
4a1127a7813f53ad8040cd9066a4c325,$pageview,synthetic-user-rb-09,synthetic-session-rb-09,2026-08-12T23:00:12+00:00,"{""$current_url"":""https://www.just-eat.co.uk/area/ec1a-1bb"",""$pathname"":""/area/ec1a-1bb""}",
593bd3d399d95988820f1ec26aceaebb,$autocapture,synthetic-user-rb-09,synthetic-session-rb-09,2026-08-12T23:00:20+00:00,{},"button;text=""Order again"""
bb11a1c76c7a5326a586aeccade6f8ee,$pageview,synthetic-user-rb-09,synthetic-session-rb-09,2026-08-12T23:00:24+00:00,"{""$current_url"":""https://www.just-eat.co.uk/menu/favourite-pizza"",""$pathname"":""/menu/favourite-pizza""}",
4474c07f322e51a7b7e36aaa945ec183,item_added,synthetic-user-rb-09,synthetic-session-rb-09,2026-08-12T23:00:33+00:00,"{""item_type"":""pizza"",""source"":""order_again""}",
d31d0ecd294054d59b3c433c86b448a7,$pageview,synthetic-user-rb-09,synthetic-session-rb-09,2026-08-12T23:00:38+00:00,"{""$current_url"":""https://www.just-eat.co.uk/checkout"",""$pathname"":""/checkout""}",
fb66645c96a85fb48fcddb0487090d47,checkout_started,synthetic-user-rb-09,synthetic-session-rb-09,2026-08-12T23:00:52+00:00,"{""basket_items"":1}",
5e71042c8513520092ace22f70e3fd2e,$pageview,synthetic-user-rb-10,synthetic-session-rb-10,2026-08-13T23:00:00+00:00,"{""$current_url"":""https://www.just-eat.co.uk/"",""$pathname"":""/""}",
8f0f4a4852715a2e8996b4d8359d76b0,postcode_submitted,synthetic-user-rb-10,synthetic-session-rb-10,2026-08-13T23:00:08+00:00,"{""postcode_area"":""urban""}",
43a6f7be061d5e33b63cf4bb7e4cdfd2,$pageview,synthetic-user-rb-10,synthetic-session-rb-10,2026-08-13T23:00:12+00:00,"{""$current_url"":""https://www.just-eat.co.uk/area/ec1a-1bb"",""$pathname"":""/area/ec1a-1bb""}",
ca3a1a30aeb3511c89ca9d1cbb88b15f,$autocapture,synthetic-user-rb-10,synthetic-session-rb-10,2026-08-13T23:00:20+00:00,{},"button;text=""Order again"""
7c3ce044014e58aba8a3c361118b113d,$pageview,synthetic-user-rb-10,synthetic-session-rb-10,2026-08-13T23:00:24+00:00,"{""$current_url"":""https://www.just-eat.co.uk/menu/favourite-pizza"",""$pathname"":""/menu/favourite-pizza""}",
949bf2e09f0d51ee88a30c876dd1516c,item_added,synthetic-user-rb-10,synthetic-session-rb-10,2026-08-13T23:00:33+00:00,"{""item_type"":""pizza"",""source"":""order_again""}",
b8ce645acca55726bee34b055da84665,$pageview,synthetic-user-rb-10,synthetic-session-rb-10,2026-08-13T23:00:38+00:00,"{""$current_url"":""https://www.just-eat.co.uk/checkout"",""$pathname"":""/checkout""}",
9dbee1b2e1345f36ade5ed6412283eb4,checkout_started,synthetic-user-rb-10,synthetic-session-rb-10,2026-08-13T23:00:52+00:00,"{""basket_items"":1}",
20ed756bcb15572e9aca7cda1fdab63b,$pageview,synthetic-user-rb-11,synthetic-session-rb-11,2026-08-14T23:00:00+00:00,"{""$current_url"":""https://www.just-eat.co.uk/"",""$pathname"":""/""}",
1e9ed63d719c52c6911d8c0850564c20,postcode_submitted,synthetic-user-rb-11,synthetic-session-rb-11,2026-08-14T23:00:08+00:00,"{""postcode_area"":""urban""}",
eb55aa3030f25e93afd9aca6cf2ab092,$pageview,synthetic-user-rb-11,synthetic-session-rb-11,2026-08-14T23:00:12+00:00,"{""$current_url"":""https://www.just-eat.co.uk/area/ec1a-1bb"",""$pathname"":""/area/ec1a-1bb""}",
1976fa327ebb53559564e6a92b9a2bda,$autocapture,synthetic-user-rb-11,synthetic-session-rb-11,2026-08-14T23:00:20+00:00,{},"button;text=""Order again"""
aeb63a8973765097944dec626918e1af,$pageview,synthetic-user-rb-11,synthetic-session-rb-11,2026-08-14T23:00:24+00:00,"{""$current_url"":""https://www.just-eat.co.uk/menu/favourite-pizza"",""$pathname"":""/menu/favourite-pizza""}",
987db86d3d61599f95af8cd43513667e,item_added,synthetic-user-rb-11,synthetic-session-rb-11,2026-08-14T23:00:33+00:00,"{""item_type"":""pizza"",""source"":""order_again""}",
ff7bde4ec25a55b6b71836f1df90ed36,$pageview,synthetic-user-rb-11,synthetic-session-rb-11,2026-08-14T23:00:38+00:00,"{""$current_url"":""https://www.just-eat.co.uk/checkout"",""$pathname"":""/checkout""}",
da58971757735c1dba4b2137129a3338,checkout_started,synthetic-user-rb-11,synthetic-session-rb-11,2026-08-14T23:00:52+00:00,"{""basket_items"":1}",
cd100f662ba055fbb9ac424adac0b072,$pageview,synthetic-user-rb-12,synthetic-session-rb-12,2026-08-15T23:00:00+00:00,"{""$current_url"":""https://www.just-eat.co.uk/"",""$pathname"":""/""}",
f509c47832995debb503d0ba8a1d9699,postcode_submitted,synthetic-user-rb-12,synthetic-session-rb-12,2026-08-15T23:00:08+00:00,"{""postcode_area"":""urban""}",
b7de871143d3558f9c1e48200abfb7a3,$pageview,synthetic-user-rb-12,synthetic-session-rb-12,2026-08-15T23:00:12+00:00,"{""$current_url"":""https://www.just-eat.co.uk/area/ec1a-1bb"",""$pathname"":""/area/ec1a-1bb""}",
058a3138ecfe5917b9a8d308bea542a1,$autocapture,synthetic-user-rb-12,synthetic-session-rb-12,2026-08-15T23:00:20+00:00,{},"button;text=""Order again"""
33a9438d94c4590f9c89e52afce0dfd8,$pageview,synthetic-user-rb-12,synthetic-session-rb-12,2026-08-15T23:00:24+00:00,"{""$current_url"":""https://www.just-eat.co.uk/menu/favourite-pizza"",""$pathname"":""/menu/favourite-pizza""}",
05ec76f6bc3f5350a22d833a4dbd3ae4,item_added,synthetic-user-rb-12,synthetic-session-rb-12,2026-08-15T23:00:33+00:00,"{""item_type"":""pizza"",""source"":""order_again""}",
5006ab85ff4954788255ab6c028326e9,$pageview,synthetic-user-rb-12,synthetic-session-rb-12,2026-08-15T23:00:38+00:00,"{""$current_url"":""https://www.just-eat.co.uk/checkout"",""$pathname"":""/checkout""}",
fce5c6d24ae952259bf1f62632ff1cbd,checkout_started,synthetic-user-rb-12,synthetic-session-rb-12,2026-08-15T23:00:52+00:00,"{""basket_items"":1}",
